"feature","platform","outcome","value_unit","value","p_value","sig_marker","n_obs","model_file","source_row","reference_category","notes"
"account_type","tt","inclusion","chi-sq","chi-sq(2) = 345.11",1.14928998151038e-75,"***",8546,"05_modelling/05_gam/models/m_tt_inclusion.rds","summary(m_tt_inclusion)$pTerms.table[account_type]","both","omnibus Wald via pTerms.table (parametric factor)"
"audio_is_original","tt","inclusion","pp","-3.2",0.00959619744125441,"**",8546,"05_modelling/05_gam/models/m_tt_inclusion.rds","summary(m_tt_inclusion)$p.table[audio_is_original]",,"binary; beta=-0.1333, SE=0.0515, z=-2.59"
"avg_sentence_len","tt","inclusion","pp","+0.2",0.794036002177946,"n.s.",8546,"05_modelling/05_gam/models/m_tt_inclusion.rds","summary(m_tt_inclusion)$s.table[s(avg_sentence_len)] + IQR partial(q25,q75)",,"smooth IQR (q75-q25); edf=1.00; chi-sq=0.07; monotonic over IQR (q25=-0.623, q75=0.372 of avg_sentence_len)"
"brightness","tt","inclusion","pp","-2.0",0.189955041919999,"n.s.",8546,"05_modelling/05_gam/models/m_tt_inclusion.rds","summary(m_tt_inclusion)$s.table[s(brightness)] + IQR partial(q25,q75)",,"smooth IQR (q75-q25); edf=2.80; chi-sq=5.28; monotonic over IQR (q25=-0.476, q75=0.629 of brightness)"
"caps_ratio","tt","inclusion","pp","+0.1",0.863980748671849,"n.s.",8546,"05_modelling/05_gam/models/m_tt_inclusion.rds","summary(m_tt_inclusion)$s.table[s(caps_ratio)] + IQR partial(q25,q75)",,"smooth IQR (q75-q25); edf=1.00; chi-sq=0.04; monotonic over IQR (q25=-0.552, q75=0.0765 of caps_ratio)"
"caps_word_count","tt","inclusion","shape-only","non-monotonic; peak at caps_word_count=19.05, trough at caps_word_count=4.57; link-scale range 0.50",0.445352305183657,"n.s.",8546,"05_modelling/05_gam/models/m_tt_inclusion.rds","summary(m_tt_inclusion)$s.table[s(caps_word_count)] (q25==q75 in fitting frame; IQR delta degenerate)",,"predictor essentially constant over IQR (q25=q75=-0.254); shape evaluated over q10..q90 instead; edf=2.23; chi-sq=2.00"
"colourfulness","tt","inclusion","pp","+0.6",0.389891516356963,"n.s.",8546,"05_modelling/05_gam/models/m_tt_inclusion.rds","summary(m_tt_inclusion)$s.table[s(colourfulness)] + IQR partial(q25,q75)",,"smooth IQR (q75-q25); edf=1.00; chi-sq=0.74; monotonic over IQR (q25=-0.676, q75=0.485 of colourfulness)"
"contrast","tt","inclusion","pp","+0.1",0.896773875988857,"n.s.",8546,"05_modelling/05_gam/models/m_tt_inclusion.rds","summary(m_tt_inclusion)$s.table[s(contrast)] + IQR partial(q25,q75)",,"smooth IQR (q75-q25); edf=1.00; chi-sq=0.02; monotonic over IQR (q25=-0.608, q75=0.638 of contrast)"
"cta_flag","tt","inclusion","pp","+3.8",0.349548248694362,"n.s.",8546,"05_modelling/05_gam/models/m_tt_inclusion.rds","summary(m_tt_inclusion)$p.table[cta_flag]",,"binary; beta=0.1554, SE=0.1661, z=0.94"
"ellipsis_count","tt","inclusion","shape-only","non-monotonic; peak at ellipsis_count=-0.21, trough at ellipsis_count=30.09; link-scale range 2.50",0.105908999862793,"n.s.",8546,"05_modelling/05_gam/models/m_tt_inclusion.rds","summary(m_tt_inclusion)$s.table[s(ellipsis_count)] (q25==q75 in fitting frame; IQR delta degenerate)",,"predictor essentially constant over IQR (q25=q75=-0.211); shape evaluated over q10..q90 instead; edf=1.82; chi-sq=5.29"
"emoji_count","tt","inclusion","pp","-0.6",0.248922181157171,"n.s.",8546,"05_modelling/05_gam/models/m_tt_inclusion.rds","summary(m_tt_inclusion)$s.table[s(emoji_count)] + IQR partial(q25,q75)",,"smooth IQR (q75-q25); edf=2.77; chi-sq=5.30; monotonic over IQR (q25=-0.617, q75=0.0896 of emoji_count)"
"exclamation_density","tt","inclusion","shape-only","non-monotonic; peak at exclamation_density=3.39, trough at exclamation_density=42.48; link-scale range 6.80",0.102095944308111,"n.s.",8546,"05_modelling/05_gam/models/m_tt_inclusion.rds","summary(m_tt_inclusion)$s.table[s(exclamation_density)] (q25==q75 in fitting frame; IQR delta degenerate)",,"predictor essentially constant over IQR (q25=q75=-0.163); shape evaluated over q10..q90 instead; edf=2.51; chi-sq=6.44"
"face_flag","tt","inclusion","pp","+2.6",0.048094588198857,"*",8546,"05_modelling/05_gam/models/m_tt_inclusion.rds","summary(m_tt_inclusion)$p.table[face_flag]",,"binary; beta=0.1042, SE=0.0527, z=1.98"
"flesch_available","tt","inclusion","pp","-0.7",0.690826092602239,"n.s.",8546,"05_modelling/05_gam/models/m_tt_inclusion.rds","summary(m_tt_inclusion)$p.table[flesch_available]",,"binary; beta=-0.0295, SE=0.0742, z=-0.40"
"flesch_reading_ease","tt","inclusion","pp","-1.0",0.0725828868815929,"n.s.",8546,"05_modelling/05_gam/models/m_tt_inclusion.rds","summary(m_tt_inclusion)$s.table[s(flesch_reading_ease)] + IQR partial(q25,q75)",,"smooth IQR (q75-q25); edf=1.00; chi-sq=3.23; monotonic over IQR (q25=-0.304, q75=0.59 of flesch_reading_ease)"
"follower_available","tt","inclusion","pp","+13.2",0.166016233187022,"n.s.",8546,"05_modelling/05_gam/models/m_tt_inclusion.rds","summary(m_tt_inclusion)$p.table[follower_available]",,"binary; beta=0.5329, SE=0.3848, z=1.39"
"hashtag_count","tt","inclusion","pp","-1.9",0.30346076523993,"n.s.",8546,"05_modelling/05_gam/models/m_tt_inclusion.rds","summary(m_tt_inclusion)$s.table[s(hashtag_count)] + IQR partial(q25,q75)",,"smooth IQR (q75-q25); edf=1.00; chi-sq=1.06; monotonic over IQR (q25=-1.2, q75=1.04 of hashtag_count)"
"is_trending","tt","inclusion","pp","+1.8",0.24751403798963,"n.s.",8546,"05_modelling/05_gam/models/m_tt_inclusion.rds","summary(m_tt_inclusion)$p.table[is_trending]",,"binary; beta=0.0743, SE=0.0642, z=1.16"
"is_weekend","tt","inclusion","pp","-2.0",0.334018744733553,"n.s.",8546,"05_modelling/05_gam/models/m_tt_inclusion.rds","summary(m_tt_inclusion)$p.table[is_weekend]",,"binary; beta=-0.0805, SE=0.0833, z=-0.97"
"lang","tt","inclusion","chi-sq","chi-sq(10) = 10.39",0.407286763219404,"n.s.",8546,"05_modelling/05_gam/models/m_tt_inclusion.rds","summary(m_tt_inclusion)$pTerms.table[lang]","als","omnibus Wald via pTerms.table (parametric factor)"
"line_break_count","tt","inclusion","shape-only","non-monotonic; peak at line_break_count=34.23, trough at line_break_count=24.24; link-scale range 9.34",0.66472557139205,"n.s.",8546,"05_modelling/05_gam/models/m_tt_inclusion.rds","summary(m_tt_inclusion)$s.table[s(line_break_count)] (q25==q75 in fitting frame; IQR delta degenerate)",,"predictor essentially constant over IQR (q25=q75=-0.0329); shape evaluated over q10..q90 instead; edf=2.75; chi-sq=1.60"
"local_hour","tt","inclusion","shape-only","cyclic; peak ~19h / trough ~9h; link-scale range 0.08",0.103291553148099,"n.s.",8546,"05_modelling/05_gam/models/m_tt_inclusion.rds","summary(m_tt_inclusion)$s.table[s(local_hour)]",,"cyclic smooth (bs=cc); edf=1.40; chi-sq=2.92"
"log_follower","tt","inclusion","pp","-0.3",0.766680626506412,"n.s.",8546,"05_modelling/05_gam/models/m_tt_inclusion.rds","summary(m_tt_inclusion)$s.table[s(log_follower)] + IQR partial(q25,q75)",,"smooth IQR (q75-q25); edf=1.00; chi-sq=0.09; monotonic over IQR (q25=-0.833, q75=0.757 of log_follower)"
"log_ocr_text_len","tt","inclusion","pp","-1.4",0.0268995152315771,"*",8546,"05_modelling/05_gam/models/m_tt_inclusion.rds","summary(m_tt_inclusion)$s.table[s(log_ocr_text_len)] + IQR partial(q25,q75)",,"smooth IQR (q75-q25); edf=1.00; chi-sq=4.91; monotonic over IQR (q25=-0.52, q75=0.579 of log_ocr_text_len)"
"log_post_age","tt","inclusion","pp","-0.3",0.656468404349241,"n.s.",8546,"05_modelling/05_gam/models/m_tt_inclusion.rds","summary(m_tt_inclusion)$s.table[s(log_post_age)] + IQR partial(q25,q75)",,"smooth IQR (q75-q25); edf=1.00; chi-sq=0.20; monotonic over IQR (q25=-0.656, q75=0.544 of log_post_age)"
"media_type","tt","inclusion","n/a","n/a",,"n.s.",8546,"05_modelling/05_gam/models/m_tt_inclusion.rds","structural (TT all video)",,"structurally constant on TikTok; test not defined"
"mention_count","tt","inclusion","shape-only","non-monotonic; peak at mention_count=-0.31, trough at mention_count=16.24; link-scale range 0.21",0.584866662703179,"n.s.",8546,"05_modelling/05_gam/models/m_tt_inclusion.rds","summary(m_tt_inclusion)$s.table[s(mention_count)] (q25==q75 in fitting frame; IQR delta degenerate)",,"predictor essentially constant over IQR (q25=q75=-0.31); shape evaluated over q10..q90 instead; edf=1.00; chi-sq=0.30"
"punct_diversity","tt","inclusion","pp","-0.3",0.368452059647781,"n.s.",8546,"05_modelling/05_gam/models/m_tt_inclusion.rds","summary(m_tt_inclusion)$s.table[s(punct_diversity)] + IQR partial(q25,q75)",,"smooth IQR (q75-q25); edf=1.45; chi-sq=1.32; monotonic over IQR (q25=-0.707, q75=0.364 of punct_diversity)"
"question_density","tt","inclusion","shape-only","non-monotonic; peak at question_density=41.65, trough at question_density=-0.10; link-scale range 0.28",0.765900724186177,"n.s.",8546,"05_modelling/05_gam/models/m_tt_inclusion.rds","summary(m_tt_inclusion)$s.table[s(question_density)] (q25==q75 in fitting frame; IQR delta degenerate)",,"predictor essentially constant over IQR (q25=q75=-0.1); shape evaluated over q10..q90 instead; edf=1.00; chi-sq=0.09"
"topic_cluster","tt","inclusion","chi-sq","chi-sq(9) = 7.05",0.631962722913202,"n.s.",8546,"05_modelling/05_gam/models/m_tt_inclusion.rds","summary(m_tt_inclusion)$pTerms.table[topic_cluster]","1","omnibus Wald via pTerms.table (parametric factor)"
"topic_cluster:10","tt","inclusion","pp","-1.5",0.670794580906211,"n.s.",8546,"05_modelling/05_gam/models/m_tt_inclusion.rds","summary(m_tt_inclusion)$p.table[topic_cluster10]","1","F1 per-level at platform baseline (0.430); beta=-0.0613, SE=0.1442, z=-0.43"
"topic_cluster:2","tt","inclusion","pp","+3.8",0.513534293693429,"n.s.",8546,"05_modelling/05_gam/models/m_tt_inclusion.rds","summary(m_tt_inclusion)$p.table[topic_cluster2]","1","F1 per-level at platform baseline (0.430); beta=0.1542, SE=0.2360, z=0.65"
"topic_cluster:3","tt","inclusion","pp","-1.7",0.614833523902333,"n.s.",8546,"05_modelling/05_gam/models/m_tt_inclusion.rds","summary(m_tt_inclusion)$p.table[topic_cluster3]","1","F1 per-level at platform baseline (0.430); beta=-0.0714, SE=0.1419, z=-0.50"
"topic_cluster:4","tt","inclusion","pp","-1.5",0.670621793940967,"n.s.",8546,"05_modelling/05_gam/models/m_tt_inclusion.rds","summary(m_tt_inclusion)$p.table[topic_cluster4]","1","F1 per-level at platform baseline (0.430); beta=-0.0629, SE=0.1480, z=-0.43"
"topic_cluster:5","tt","inclusion","pp","-0.5",0.895381218291706,"n.s.",8546,"05_modelling/05_gam/models/m_tt_inclusion.rds","summary(m_tt_inclusion)$p.table[topic_cluster5]","1","F1 per-level at platform baseline (0.430); beta=-0.0189, SE=0.1439, z=-0.13"
"topic_cluster:6","tt","inclusion","pp","-1.9",0.625368757775336,"n.s.",8546,"05_modelling/05_gam/models/m_tt_inclusion.rds","summary(m_tt_inclusion)$p.table[topic_cluster6]","1","F1 per-level at platform baseline (0.430); beta=-0.0773, SE=0.1582, z=-0.49"
"topic_cluster:7","tt","inclusion","pp","+1.4",0.679902323520882,"n.s.",8546,"05_modelling/05_gam/models/m_tt_inclusion.rds","summary(m_tt_inclusion)$p.table[topic_cluster7]","1","F1 per-level at platform baseline (0.430); beta=0.0555, SE=0.1345, z=0.41"
"topic_cluster:8","tt","inclusion","pp","+2.2",0.609098913081481,"n.s.",8546,"05_modelling/05_gam/models/m_tt_inclusion.rds","summary(m_tt_inclusion)$p.table[topic_cluster8]","1","F1 per-level at platform baseline (0.430); beta=0.0911, SE=0.1782, z=0.51"
"topic_cluster:9","tt","inclusion","pp","-3.1",0.434792819235846,"n.s.",8546,"05_modelling/05_gam/models/m_tt_inclusion.rds","summary(m_tt_inclusion)$p.table[topic_cluster9]","1","F1 per-level at platform baseline (0.430); beta=-0.1289, SE=0.1650, z=-0.78"
"url_count","tt","inclusion","pp","-1.0",0.569443611290906,"n.s.",8546,"05_modelling/05_gam/models/m_tt_inclusion.rds","summary(m_tt_inclusion)$p.table[url_count]",,"linear; beta=-0.0402, SE=0.0707, z=-0.57"
"uses_named_audio","tt","inclusion",,,,"n.s.",8546,"05_modelling/05_gam/models/m_tt_inclusion.rds","summary(m_tt_inclusion)$p.table[uses_named_audio]",,"binary parametric: aliased (coef=0, SE=0); not estimable"
"weekday","tt","inclusion","shape-only","cyclic; peak ~Mon / trough ~Wed; link-scale range 0.23",0.000571553844618822,"***",8546,"05_modelling/05_gam/models/m_tt_inclusion.rds","summary(m_tt_inclusion)$s.table[s(weekday)]",,"cyclic smooth (bs=cc); edf=1.95; chi-sq=12.30"
"word_count","tt","inclusion","pp","+0.0",0.811226121587402,"n.s.",8546,"05_modelling/05_gam/models/m_tt_inclusion.rds","summary(m_tt_inclusion)$s.table[s(word_count)] + IQR partial(q25,q75)",,"smooth IQR (q75-q25); edf=1.00; chi-sq=0.06; monotonic over IQR (q25=-0.339, q75=-0.0466 of word_count)"
"account_type","tt","rank","F","F(2) = 11.31",1.27319909710817e-05,"***",3672,"05_modelling/05_gam/models/m_tt_rank.rds","summary(m_tt_rank)$pTerms.table[account_type]","both","omnibus Wald via pTerms.table (parametric factor)"
"audio_is_original","tt","rank",,,,"n.s.",3672,"05_modelling/05_gam/models/m_tt_rank.rds","summary(m_tt_rank)$p.table[audio_is_original]",,"binary parametric: aliased (coef=0, SE=0); not estimable"
"avg_sentence_len","tt","rank","positions","+0.23",0.0476216664317543,"*",3672,"05_modelling/05_gam/models/m_tt_rank.rds","summary(m_tt_rank)$s.table[s(avg_sentence_len)] + IQR partial(q25,q75)",,"smooth IQR (q75-q25); edf=1.00; F=3.92; monotonic over IQR (q25=-0.623, q75=0.372 of avg_sentence_len)"
"brightness","tt","rank","positions","-0.12",0.314653662642323,"n.s.",3672,"05_modelling/05_gam/models/m_tt_rank.rds","summary(m_tt_rank)$s.table[s(brightness)] + IQR partial(q25,q75)",,"smooth IQR (q75-q25); edf=1.00; F=1.01; monotonic over IQR (q25=-0.503, q75=0.608 of brightness)"
"caps_ratio","tt","rank","positions","+0.22",0.0022224848646793,"**",3672,"05_modelling/05_gam/models/m_tt_rank.rds","summary(m_tt_rank)$s.table[s(caps_ratio)] + IQR partial(q25,q75)",,"smooth IQR (q75-q25); edf=1.00; F=9.37; monotonic over IQR (q25=-0.552, q75=0.0611 of caps_ratio)"
"caps_word_count","tt","rank","shape-only","non-monotonic; peak at caps_word_count=-0.25, trough at caps_word_count=18.08; link-scale range 3.24",0.143769337528449,"n.s.",3672,"05_modelling/05_gam/models/m_tt_rank.rds","summary(m_tt_rank)$s.table[s(caps_word_count)] (q25==q75 in fitting frame; IQR delta degenerate)",,"predictor essentially constant over IQR (q25=q75=-0.254); shape evaluated over q10..q90 instead; edf=1.00; F=2.14"
"colourfulness","tt","rank","positions","+0.20",0.0873584020416207,"n.s.",3672,"05_modelling/05_gam/models/m_tt_rank.rds","summary(m_tt_rank)$s.table[s(colourfulness)] + IQR partial(q25,q75)",,"smooth IQR (q75-q25); edf=1.00; F=2.93; monotonic over IQR (q25=-0.667, q75=0.487 of colourfulness)"
"contrast","tt","rank","positions","+0.05",0.70472146398587,"n.s.",3672,"05_modelling/05_gam/models/m_tt_rank.rds","summary(m_tt_rank)$s.table[s(contrast)] + IQR partial(q25,q75)",,"smooth IQR (q75-q25); edf=1.04; F=0.15; monotonic over IQR (q25=-0.606, q75=0.639 of contrast)"
"cta_flag","tt","rank","positions","-0.85",0.212811274916666,"n.s.",3672,"05_modelling/05_gam/models/m_tt_rank.rds","summary(m_tt_rank)$p.table[cta_flag]",,"binary; beta=-0.8509, SE=0.6828, t=-1.25"
"ellipsis_count","tt","rank","shape-only","non-monotonic; peak at ellipsis_count=-0.21, trough at ellipsis_count=16.62; link-scale range 0.43",0.820055498224266,"n.s.",3672,"05_modelling/05_gam/models/m_tt_rank.rds","summary(m_tt_rank)$s.table[s(ellipsis_count)] (q25==q75 in fitting frame; IQR delta degenerate)",,"predictor essentially constant over IQR (q25=q75=-0.211); shape evaluated over q10..q90 instead; edf=1.00; F=0.05"
"emoji_count","tt","rank","positions","-0.05",0.490986765970048,"n.s.",3672,"05_modelling/05_gam/models/m_tt_rank.rds","summary(m_tt_rank)$s.table[s(emoji_count)] + IQR partial(q25,q75)",,"smooth IQR (q75-q25); edf=1.00; F=0.47; monotonic over IQR (q25=-0.617, q75=0.0896 of emoji_count)"
"exclamation_density","tt","rank","shape-only","non-monotonic; peak at exclamation_density=-0.16, trough at exclamation_density=14.87; link-scale range 2.61",0.157631872157466,"n.s.",3672,"05_modelling/05_gam/models/m_tt_rank.rds","summary(m_tt_rank)$s.table[s(exclamation_density)] (q25==q75 in fitting frame; IQR delta degenerate)",,"predictor essentially constant over IQR (q25=q75=-0.163); shape evaluated over q10..q90 instead; edf=1.02; F=1.93"
"face_flag","tt","rank","positions","+0.16",0.489210357927449,"n.s.",3672,"05_modelling/05_gam/models/m_tt_rank.rds","summary(m_tt_rank)$p.table[face_flag]",,"binary; beta=0.1553, SE=0.2245, t=0.69"
"flesch_available","tt","rank","positions","-0.26",0.389492837373128,"n.s.",3672,"05_modelling/05_gam/models/m_tt_rank.rds","summary(m_tt_rank)$p.table[flesch_available]",,"binary; beta=-0.2627, SE=0.3053, t=-0.86"
"flesch_reading_ease","tt","rank","positions","+0.01",0.916022894430296,"n.s.",3672,"05_modelling/05_gam/models/m_tt_rank.rds","summary(m_tt_rank)$s.table[s(flesch_reading_ease)] + IQR partial(q25,q75)",,"smooth IQR (q75-q25); edf=1.00; F=0.01; monotonic over IQR (q25=-0.331, q75=0.59 of flesch_reading_ease)"
"follower_available","tt","rank","positions","+9.27",8.65767311832378e-10,"***",3672,"05_modelling/05_gam/models/m_tt_rank.rds","summary(m_tt_rank)$p.table[follower_available]",,"binary; beta=9.2732, SE=1.5081, t=6.15"
"hashtag_count","tt","rank","positions","+0.42",0.179140833839736,"n.s.",3672,"05_modelling/05_gam/models/m_tt_rank.rds","summary(m_tt_rank)$s.table[s(hashtag_count)] + IQR partial(q25,q75)",,"smooth IQR (q75-q25); edf=1.00; F=1.80; monotonic over IQR (q25=-1.2, q75=1.04 of hashtag_count)"
"is_trending","tt","rank","positions","+0.02",0.930715705462242,"n.s.",3672,"05_modelling/05_gam/models/m_tt_rank.rds","summary(m_tt_rank)$p.table[is_trending]",,"binary; beta=0.0230, SE=0.2644, t=0.09"
"is_weekend","tt","rank","positions","-0.23",0.269572582798447,"n.s.",3672,"05_modelling/05_gam/models/m_tt_rank.rds","summary(m_tt_rank)$p.table[is_weekend]",,"binary; beta=-0.2256, SE=0.2043, t=-1.10"
"lang","tt","rank","F","F(10) = 1.21",0.279754440475373,"n.s.",3672,"05_modelling/05_gam/models/m_tt_rank.rds","summary(m_tt_rank)$pTerms.table[lang]","als","omnibus Wald via pTerms.table (parametric factor)"
"line_break_count","tt","rank","shape-only","non-monotonic; peak at line_break_count=-0.03, trough at line_break_count=34.23; link-scale range 1.20",0.666652433667076,"n.s.",3672,"05_modelling/05_gam/models/m_tt_rank.rds","summary(m_tt_rank)$s.table[s(line_break_count)] (q25==q75 in fitting frame; IQR delta degenerate)",,"predictor essentially constant over IQR (q25=q75=-0.0329); shape evaluated over q10..q90 instead; edf=1.00; F=0.19"
"local_hour","tt","rank","shape-only","cyclic; peak ~12h / trough ~23h; link-scale range 0.00",0.69482033929435,"n.s.",3672,"05_modelling/05_gam/models/m_tt_rank.rds","summary(m_tt_rank)$s.table[s(local_hour)]",,"cyclic smooth (bs=cc); edf=0.00; F=0.00"
"log_follower","tt","rank","positions","-0.25",0.252234385055664,"n.s.",3672,"05_modelling/05_gam/models/m_tt_rank.rds","summary(m_tt_rank)$s.table[s(log_follower)] + IQR partial(q25,q75)",,"smooth IQR (q75-q25); edf=1.97; F=1.49; monotonic over IQR (q25=-0.819, q75=0.762 of log_follower)"
"log_ocr_text_len","tt","rank","positions","-0.04",0.676301326312876,"n.s.",3672,"05_modelling/05_gam/models/m_tt_rank.rds","summary(m_tt_rank)$s.table[s(log_ocr_text_len)] + IQR partial(q25,q75)",,"smooth IQR (q75-q25); edf=1.00; F=0.17; monotonic over IQR (q25=-0.535, q75=0.565 of log_ocr_text_len)"
"log_post_age","tt","rank","positions","-0.06",0.0249581632427575,"*",3672,"05_modelling/05_gam/models/m_tt_rank.rds","summary(m_tt_rank)$s.table[s(log_post_age)] + IQR partial(q25,q75)",,"smooth IQR (q75-q25); edf=4.00; F=2.74; non-monotonic in IQR (q25=-0.717, q50=-0.0831, q75=0.512 of log_post_age; link-range over q10..q90 = 0.36)"
"media_type","tt","rank","n/a","n/a",,"n.s.",3672,"05_modelling/05_gam/models/m_tt_rank.rds","structural (TT all video)",,"structurally constant on TikTok; test not defined"
"mention_count","tt","rank","shape-only","non-monotonic; peak at mention_count=4.03, trough at mention_count=14.59; link-scale range 0.81",0.609142083712516,"n.s.",3672,"05_modelling/05_gam/models/m_tt_rank.rds","summary(m_tt_rank)$s.table[s(mention_count)] (q25==q75 in fitting frame; IQR delta degenerate)",,"predictor essentially constant over IQR (q25=q75=-0.31); shape evaluated over q10..q90 instead; edf=1.45; F=0.65"
"punct_diversity","tt","rank","positions","+0.16",0.122059646427656,"n.s.",3672,"05_modelling/05_gam/models/m_tt_rank.rds","summary(m_tt_rank)$s.table[s(punct_diversity)] + IQR partial(q25,q75)",,"smooth IQR (q75-q25); edf=1.00; F=2.39; monotonic over IQR (q25=-0.707, q75=0.242 of punct_diversity)"
"question_density","tt","rank","shape-only","non-monotonic; peak at question_density=41.65, trough at question_density=-0.10; link-scale range 5.58",0.149107385874608,"n.s.",3672,"05_modelling/05_gam/models/m_tt_rank.rds","summary(m_tt_rank)$s.table[s(question_density)] (q25==q75 in fitting frame; IQR delta degenerate)",,"predictor essentially constant over IQR (q25=q75=-0.1); shape evaluated over q10..q90 instead; edf=1.00; F=2.08"
"topic_cluster","tt","rank","F","F(9) = 0.55",0.84169457559621,"n.s.",3672,"05_modelling/05_gam/models/m_tt_rank.rds","summary(m_tt_rank)$pTerms.table[topic_cluster]","1","omnibus Wald via pTerms.table (parametric factor)"
"topic_cluster:10","tt","rank","positions","-0.56",0.354447338883713,"n.s.",3672,"05_modelling/05_gam/models/m_tt_rank.rds","summary(m_tt_rank)$p.table[topic_cluster10]","1","F1 per-level at platform baseline (0.430); beta=-0.5591, SE=0.6037, t=-0.93"
"topic_cluster:2","tt","rank","positions","+0.47",0.623650446002705,"n.s.",3672,"05_modelling/05_gam/models/m_tt_rank.rds","summary(m_tt_rank)$p.table[topic_cluster2]","1","F1 per-level at platform baseline (0.430); beta=0.4667, SE=0.9510, t=0.49"
"topic_cluster:3","tt","rank","positions","-0.34",0.570526765895644,"n.s.",3672,"05_modelling/05_gam/models/m_tt_rank.rds","summary(m_tt_rank)$p.table[topic_cluster3]","1","F1 per-level at platform baseline (0.430); beta=-0.3368, SE=0.5937, t=-0.57"
"topic_cluster:4","tt","rank","positions","+0.01",0.991416768538729,"n.s.",3672,"05_modelling/05_gam/models/m_tt_rank.rds","summary(m_tt_rank)$p.table[topic_cluster4]","1","F1 per-level at platform baseline (0.430); beta=0.0067, SE=0.6226, t=0.01"
"topic_cluster:5","tt","rank","positions","-0.24",0.686613843156007,"n.s.",3672,"05_modelling/05_gam/models/m_tt_rank.rds","summary(m_tt_rank)$p.table[topic_cluster5]","1","F1 per-level at platform baseline (0.430); beta=-0.2440, SE=0.6048, t=-0.40"
"topic_cluster:6","tt","rank","positions","+0.07",0.910545701214564,"n.s.",3672,"05_modelling/05_gam/models/m_tt_rank.rds","summary(m_tt_rank)$p.table[topic_cluster6]","1","F1 per-level at platform baseline (0.430); beta=0.0748, SE=0.6657, t=0.11"
"topic_cluster:7","tt","rank","positions","-0.38",0.500407044919357,"n.s.",3672,"05_modelling/05_gam/models/m_tt_rank.rds","summary(m_tt_rank)$p.table[topic_cluster7]","1","F1 per-level at platform baseline (0.430); beta=-0.3788, SE=0.5621, t=-0.67"
"topic_cluster:8","tt","rank","positions","-0.52",0.477988252133726,"n.s.",3672,"05_modelling/05_gam/models/m_tt_rank.rds","summary(m_tt_rank)$p.table[topic_cluster8]","1","F1 per-level at platform baseline (0.430); beta=-0.5234, SE=0.7376, t=-0.71"
"topic_cluster:9","tt","rank","positions","+0.08",0.913827092625414,"n.s.",3672,"05_modelling/05_gam/models/m_tt_rank.rds","summary(m_tt_rank)$p.table[topic_cluster9]","1","F1 per-level at platform baseline (0.430); beta=0.0763, SE=0.7048, t=0.11"
"url_count","tt","rank","positions","-0.57",0.176635005414414,"n.s.",3672,"05_modelling/05_gam/models/m_tt_rank.rds","summary(m_tt_rank)$p.table[url_count]",,"linear; beta=-0.5664, SE=0.4191, t=-1.35"
"uses_named_audio","tt","rank","positions","+0.12",0.587624584886053,"n.s.",3672,"05_modelling/05_gam/models/m_tt_rank.rds","summary(m_tt_rank)$p.table[uses_named_audio]",,"binary; beta=0.1162, SE=0.2142, t=0.54"
"weekday","tt","rank","shape-only","cyclic; peak ~Wed / trough ~Sat; link-scale range 0.00",0.902661367670899,"n.s.",3672,"05_modelling/05_gam/models/m_tt_rank.rds","summary(m_tt_rank)$s.table[s(weekday)]",,"cyclic smooth (bs=cc); edf=0.00; F=0.00"
"word_count","tt","rank","positions","-0.02",0.494543983008101,"n.s.",3672,"05_modelling/05_gam/models/m_tt_rank.rds","summary(m_tt_rank)$s.table[s(word_count)] + IQR partial(q25,q75)",,"smooth IQR (q75-q25); edf=1.00; F=0.47; monotonic over IQR (q25=-0.339, q75=-0.0466 of word_count)"
"account_type","tt","velocity_t24","F","F(2) = 3.62",0.0268575340123579,"*",7997,"05_modelling/05_gam/models/m_tt_velocity_24h.rds","summary(m_tt_velocity_24h)$pTerms.table[account_type]","both","omnibus Wald via pTerms.table (parametric factor)"
"audio_is_original","tt","velocity_t24","percent","+12.9",0.186564732307892,"n.s.",7997,"05_modelling/05_gam/models/m_tt_velocity_24h.rds","summary(m_tt_velocity_24h)$p.table[audio_is_original]",,"binary; beta=0.1213, SE=0.0919, t=1.32"
"avg_sentence_len","tt","velocity_t24","percent","+9.7",0.00686190404092396,"**",7997,"05_modelling/05_gam/models/m_tt_velocity_24h.rds","summary(m_tt_velocity_24h)$s.table[s(avg_sentence_len)] + IQR partial(q25,q75)",,"smooth IQR (q75-q25); edf=6.79; F=2.64; monotonic over IQR (q25=-0.623, q75=0.372 of avg_sentence_len)"
"brightness","tt","velocity_t24","percent","+2.7",0.20433114871012,"n.s.",7997,"05_modelling/05_gam/models/m_tt_velocity_24h.rds","summary(m_tt_velocity_24h)$s.table[s(brightness)] + IQR partial(q25,q75)",,"smooth IQR (q75-q25); edf=1.82; F=1.49; monotonic over IQR (q25=-0.476, q75=0.628 of brightness)"
"caps_ratio","tt","velocity_t24","percent","+0.1",0.951633064518066,"n.s.",7997,"05_modelling/05_gam/models/m_tt_velocity_24h.rds","summary(m_tt_velocity_24h)$s.table[s(caps_ratio)] + IQR partial(q25,q75)",,"smooth IQR (q75-q25); edf=1.06; F=0.03; monotonic over IQR (q25=-0.552, q75=0.0787 of caps_ratio)"
"caps_word_count","tt","velocity_t24","shape-only","non-monotonic; peak at caps_word_count=28.70, trough at caps_word_count=10.60; link-scale range 2.09",0.227301833942561,"n.s.",7997,"05_modelling/05_gam/models/m_tt_velocity_24h.rds","summary(m_tt_velocity_24h)$s.table[s(caps_word_count)] (q25==q75 in fitting frame; IQR delta degenerate)",,"predictor essentially constant over IQR (q25=q75=-0.254); shape evaluated over q10..q90 instead; edf=3.65; F=1.32"
"colourfulness","tt","velocity_t24","percent","-1.1",0.675454733499824,"n.s.",7997,"05_modelling/05_gam/models/m_tt_velocity_24h.rds","summary(m_tt_velocity_24h)$s.table[s(colourfulness)] + IQR partial(q25,q75)",,"smooth IQR (q75-q25); edf=3.13; F=0.58; monotonic over IQR (q25=-0.675, q75=0.485 of colourfulness)"
"contrast","tt","velocity_t24","percent","-3.5",0.0261997296501414,"*",7997,"05_modelling/05_gam/models/m_tt_velocity_24h.rds","summary(m_tt_velocity_24h)$s.table[s(contrast)] + IQR partial(q25,q75)",,"smooth IQR (q75-q25); edf=2.94; F=2.75; monotonic over IQR (q25=-0.611, q75=0.643 of contrast)"
"cta_flag","tt","velocity_t24","percent","+13.1",0.231977374985704,"n.s.",7997,"05_modelling/05_gam/models/m_tt_velocity_24h.rds","summary(m_tt_velocity_24h)$p.table[cta_flag]",,"binary; beta=0.1229, SE=0.1028, t=1.20"
"ellipsis_count","tt","velocity_t24","shape-only","non-monotonic; peak at ellipsis_count=30.09, trough at ellipsis_count=-0.21; link-scale range 0.14",0.7383999595598,"n.s.",7997,"05_modelling/05_gam/models/m_tt_velocity_24h.rds","summary(m_tt_velocity_24h)$s.table[s(ellipsis_count)] (q25==q75 in fitting frame; IQR delta degenerate)",,"predictor essentially constant over IQR (q25=q75=-0.211); shape evaluated over q10..q90 instead; edf=1.01; F=0.12"
"emoji_count","tt","velocity_t24","percent","+0.4",0.397855361587829,"n.s.",7997,"05_modelling/05_gam/models/m_tt_velocity_24h.rds","summary(m_tt_velocity_24h)$s.table[s(emoji_count)] + IQR partial(q25,q75)",,"smooth IQR (q75-q25); edf=1.98; F=0.69; monotonic over IQR (q25=-0.617, q75=0.0896 of emoji_count)"
"exclamation_density","tt","velocity_t24","shape-only","non-monotonic; peak at exclamation_density=-0.16, trough at exclamation_density=42.48; link-scale range 0.61",0.304926566533419,"n.s.",7997,"05_modelling/05_gam/models/m_tt_velocity_24h.rds","summary(m_tt_velocity_24h)$s.table[s(exclamation_density)] (q25==q75 in fitting frame; IQR delta degenerate)",,"predictor essentially constant over IQR (q25=q75=-0.163); shape evaluated over q10..q90 instead; edf=1.00; F=1.05"
"face_flag","tt","velocity_t24","percent","+2.2",0.493464488383284,"n.s.",7997,"05_modelling/05_gam/models/m_tt_velocity_24h.rds","summary(m_tt_velocity_24h)$p.table[face_flag]",,"binary; beta=0.0217, SE=0.0316, t=0.68"
"flesch_available","tt","velocity_t24","percent","-7.0",0.195231091331804,"n.s.",7997,"05_modelling/05_gam/models/m_tt_velocity_24h.rds","summary(m_tt_velocity_24h)$p.table[flesch_available]",,"binary; beta=-0.0731, SE=0.0564, t=-1.30"
"flesch_reading_ease","tt","velocity_t24","percent","+0.0",0.448227676749089,"n.s.",7997,"05_modelling/05_gam/models/m_tt_velocity_24h.rds","summary(m_tt_velocity_24h)$s.table[s(flesch_reading_ease)] + IQR partial(q25,q75)",,"smooth IQR (q75-q25); edf=1.92; F=0.89; non-monotonic in IQR (q25=-0.303, q50=0.16, q75=0.608 of flesch_reading_ease; link-range over q10..q90 = 0.02)"
"follower_available","tt","velocity_t24","percent","-98.2",6.75212244499984e-58,"***",7997,"05_modelling/05_gam/models/m_tt_velocity_24h.rds","summary(m_tt_velocity_24h)$p.table[follower_available]",,"binary; beta=-4.0101, SE=0.2480, t=-16.17"
"hashtag_count","tt","velocity_t24","percent","-6.1",0.0873570562529161,"n.s.",7997,"05_modelling/05_gam/models/m_tt_velocity_24h.rds","summary(m_tt_velocity_24h)$s.table[s(hashtag_count)] + IQR partial(q25,q75)",,"smooth IQR (q75-q25); edf=2.29; F=2.27; monotonic over IQR (q25=-1.2, q75=1.04 of hashtag_count)"
"is_trending","tt","velocity_t24","percent","+3.3",0.396295245467845,"n.s.",7997,"05_modelling/05_gam/models/m_tt_velocity_24h.rds","summary(m_tt_velocity_24h)$p.table[is_trending]",,"binary; beta=0.0328, SE=0.0386, t=0.85"
"is_weekend","tt","velocity_t24","percent","-16.1",0.00636632412758075,"**",7997,"05_modelling/05_gam/models/m_tt_velocity_24h.rds","summary(m_tt_velocity_24h)$p.table[is_weekend]",,"binary; beta=-0.1760, SE=0.0645, t=-2.73"
"lang","tt","velocity_t24","F","F(10) = 28.60",1.55158920921911e-54,"***",7997,"05_modelling/05_gam/models/m_tt_velocity_24h.rds","summary(m_tt_velocity_24h)$pTerms.table[lang]","als","omnibus Wald via pTerms.table (parametric factor)"
"line_break_count","tt","velocity_t24","shape-only","non-monotonic; peak at line_break_count=-0.03, trough at line_break_count=34.23; link-scale range 0.01",0.988563944862297,"n.s.",7997,"05_modelling/05_gam/models/m_tt_velocity_24h.rds","summary(m_tt_velocity_24h)$s.table[s(line_break_count)] (q25==q75 in fitting frame; IQR delta degenerate)",,"predictor essentially constant over IQR (q25=q75=-0.0329); shape evaluated over q10..q90 instead; edf=1.00; F=0.00"
"local_hour","tt","velocity_t24","shape-only","cyclic; peak ~6h / trough ~16h; link-scale range 0.00",0.970999872389761,"n.s.",7997,"05_modelling/05_gam/models/m_tt_velocity_24h.rds","summary(m_tt_velocity_24h)$s.table[s(local_hour)]",,"cyclic smooth (bs=cc); edf=0.01; F=0.00"
"log_follower","tt","velocity_t24","percent","-0.6",0,"***",7997,"05_modelling/05_gam/models/m_tt_velocity_24h.rds","summary(m_tt_velocity_24h)$s.table[s(log_follower)] + IQR partial(q25,q75)",,"smooth IQR (q75-q25); edf=4.84; F=10.14; non-monotonic in IQR (q25=-0.819, q50=-0.0583, q75=0.766 of log_follower; link-range over q10..q90 = 0.22)"
"log_ocr_text_len","tt","velocity_t24","percent","-1.6",0.375685508002829,"n.s.",7997,"05_modelling/05_gam/models/m_tt_velocity_24h.rds","summary(m_tt_velocity_24h)$s.table[s(log_ocr_text_len)] + IQR partial(q25,q75)",,"smooth IQR (q75-q25); edf=1.57; F=1.08; monotonic over IQR (q25=-0.523, q75=0.579 of log_ocr_text_len)"
"log_post_age","tt","velocity_t24","percent","-43.4",0,"***",7997,"05_modelling/05_gam/models/m_tt_velocity_24h.rds","summary(m_tt_velocity_24h)$s.table[s(log_post_age)] + IQR partial(q25,q75)",,"smooth IQR (q75-q25); edf=8.04; F=95.25; monotonic over IQR (q25=-0.679, q75=0.511 of log_post_age)"
"media_type","tt","velocity_t24","n/a","n/a",,"n.s.",7997,"05_modelling/05_gam/models/m_tt_velocity_24h.rds","structural (TT all video)",,"structurally constant on TikTok; test not defined"
"mention_count","tt","velocity_t24","shape-only","non-monotonic; peak at mention_count=0.38, trough at mention_count=16.24; link-scale range 0.45",0.159982370107019,"n.s.",7997,"05_modelling/05_gam/models/m_tt_velocity_24h.rds","summary(m_tt_velocity_24h)$s.table[s(mention_count)] (q25==q75 in fitting frame; IQR delta degenerate)",,"predictor essentially constant over IQR (q25=q75=-0.31); shape evaluated over q10..q90 instead; edf=2.63; F=1.70"
"punct_diversity","tt","velocity_t24","percent","+2.0",0.264650130213148,"n.s.",7997,"05_modelling/05_gam/models/m_tt_velocity_24h.rds","summary(m_tt_velocity_24h)$s.table[s(punct_diversity)] + IQR partial(q25,q75)",,"smooth IQR (q75-q25); edf=1.01; F=1.25; monotonic over IQR (q25=-0.707, q75=0.418 of punct_diversity)"
"question_density","tt","velocity_t24","shape-only","non-monotonic; peak at question_density=-0.10, trough at question_density=41.65; link-scale range 0.18",0.743432372825767,"n.s.",7997,"05_modelling/05_gam/models/m_tt_velocity_24h.rds","summary(m_tt_velocity_24h)$s.table[s(question_density)] (q25==q75 in fitting frame; IQR delta degenerate)",,"predictor essentially constant over IQR (q25=q75=-0.1); shape evaluated over q10..q90 instead; edf=1.00; F=0.11"
"topic_cluster","tt","velocity_t24","F","F(5.78) = 6.24",2.241e-06,"***",7997,"05_modelling/05_gam/models/m_tt_velocity_24h.rds","factor_omnibus_tests.csv [model=tt_velocity_24h, feature=topic_cluster]","1","omnibus from factor_omnibus_tests.csv (anova.gam two-model deviance test)"
"topic_cluster:10","tt","velocity_t24","percent","+7.7",0.389381764101694,"n.s.",7997,"05_modelling/05_gam/models/m_tt_velocity_24h.rds","summary(m_tt_velocity_24h)$p.table[topic_cluster10]","1","F1 per-level at platform baseline (0.430); beta=0.0746, SE=0.0866, t=0.86"
"topic_cluster:2","tt","velocity_t24","percent","-5.3",0.704238488710725,"n.s.",7997,"05_modelling/05_gam/models/m_tt_velocity_24h.rds","summary(m_tt_velocity_24h)$p.table[topic_cluster2]","1","F1 per-level at platform baseline (0.430); beta=-0.0548, SE=0.1445, t=-0.38"
"topic_cluster:3","tt","velocity_t24","percent","+5.6",0.52288186334485,"n.s.",7997,"05_modelling/05_gam/models/m_tt_velocity_24h.rds","summary(m_tt_velocity_24h)$p.table[topic_cluster3]","1","F1 per-level at platform baseline (0.430); beta=0.0549, SE=0.0859, t=0.64"
"topic_cluster:4","tt","velocity_t24","percent","+27.7",0.00586420275482807,"**",7997,"05_modelling/05_gam/models/m_tt_velocity_24h.rds","summary(m_tt_velocity_24h)$p.table[topic_cluster4]","1","F1 per-level at platform baseline (0.430); beta=0.2448, SE=0.0888, t=2.76"
"topic_cluster:5","tt","velocity_t24","percent","+5.8",0.515988757112742,"n.s.",7997,"05_modelling/05_gam/models/m_tt_velocity_24h.rds","summary(m_tt_velocity_24h)$p.table[topic_cluster5]","1","F1 per-level at platform baseline (0.430); beta=0.0560, SE=0.0863, t=0.65"
"topic_cluster:6","tt","velocity_t24","percent","+35.7",0.00137736481265708,"**",7997,"05_modelling/05_gam/models/m_tt_velocity_24h.rds","summary(m_tt_velocity_24h)$p.table[topic_cluster6]","1","F1 per-level at platform baseline (0.430); beta=0.3053, SE=0.0954, t=3.20"
"topic_cluster:7","tt","velocity_t24","percent","+9.5",0.260218236458733,"n.s.",7997,"05_modelling/05_gam/models/m_tt_velocity_24h.rds","summary(m_tt_velocity_24h)$p.table[topic_cluster7]","1","F1 per-level at platform baseline (0.430); beta=0.0907, SE=0.0805, t=1.13"
"topic_cluster:8","tt","velocity_t24","percent","-4.3",0.681465541192505,"n.s.",7997,"05_modelling/05_gam/models/m_tt_velocity_24h.rds","summary(m_tt_velocity_24h)$p.table[topic_cluster8]","1","F1 per-level at platform baseline (0.430); beta=-0.0440, SE=0.1072, t=-0.41"
"topic_cluster:9","tt","velocity_t24","percent","-9.9",0.290320967344832,"n.s.",7997,"05_modelling/05_gam/models/m_tt_velocity_24h.rds","summary(m_tt_velocity_24h)$p.table[topic_cluster9]","1","F1 per-level at platform baseline (0.430); beta=-0.1047, SE=0.0990, t=-1.06"
"url_count","tt","velocity_t24","percent","-2.0",0.140333596818725,"n.s.",7997,"05_modelling/05_gam/models/m_tt_velocity_24h.rds","summary(m_tt_velocity_24h)$p.table[url_count]",,"linear; beta=-0.0201, SE=0.0136, t=-1.47"
"uses_named_audio","tt","velocity_t24","percent","+9.3",0.324388988277153,"n.s.",7997,"05_modelling/05_gam/models/m_tt_velocity_24h.rds","summary(m_tt_velocity_24h)$p.table[uses_named_audio]",,"binary; beta=0.0890, SE=0.0903, t=0.99"
"weekday","tt","velocity_t24","shape-only","cyclic; peak ~Mon / trough ~Wed; link-scale range 0.13",0.00593399701884623,"**",7997,"05_modelling/05_gam/models/m_tt_velocity_24h.rds","summary(m_tt_velocity_24h)$s.table[s(weekday)]",,"cyclic smooth (bs=cc); edf=2.62; F=2.08"
"word_count","tt","velocity_t24","percent","-0.7",0.157178521283261,"n.s.",7997,"05_modelling/05_gam/models/m_tt_velocity_24h.rds","summary(m_tt_velocity_24h)$s.table[s(word_count)] + IQR partial(q25,q75)",,"smooth IQR (q75-q25); edf=1.01; F=2.01; monotonic over IQR (q25=-0.339, q75=-0.0466 of word_count)"
"account_type","tt","velocity_t72","F","F(2) = 3.42",0.0327695371361328,"*",7545,"05_modelling/05_gam/models/m_tt_velocity_72h.rds","summary(m_tt_velocity_72h)$pTerms.table[account_type]","both","omnibus Wald via pTerms.table (parametric factor)"
"audio_is_original","tt","velocity_t72","percent","+13.4",0.174047268397348,"n.s.",7545,"05_modelling/05_gam/models/m_tt_velocity_72h.rds","summary(m_tt_velocity_72h)$p.table[audio_is_original]",,"binary; beta=0.1254, SE=0.0923, t=1.36"
"avg_sentence_len","tt","velocity_t72","percent","+9.0",0.0086246288182153,"**",7545,"05_modelling/05_gam/models/m_tt_velocity_72h.rds","summary(m_tt_velocity_72h)$s.table[s(avg_sentence_len)] + IQR partial(q25,q75)",,"smooth IQR (q75-q25); edf=6.25; F=2.69; monotonic over IQR (q25=-0.623, q75=0.372 of avg_sentence_len)"
"brightness","tt","velocity_t72","percent","+2.0",0.229591765936565,"n.s.",7545,"05_modelling/05_gam/models/m_tt_velocity_72h.rds","summary(m_tt_velocity_72h)$s.table[s(brightness)] + IQR partial(q25,q75)",,"smooth IQR (q75-q25); edf=1.00; F=1.45; monotonic over IQR (q25=-0.47, q75=0.639 of brightness)"
"caps_ratio","tt","velocity_t72","percent","+0.3",0.826242881426669,"n.s.",7545,"05_modelling/05_gam/models/m_tt_velocity_72h.rds","summary(m_tt_velocity_72h)$s.table[s(caps_ratio)] + IQR partial(q25,q75)",,"smooth IQR (q75-q25); edf=1.00; F=0.05; monotonic over IQR (q25=-0.552, q75=0.0765 of caps_ratio)"
"caps_word_count","tt","velocity_t72","shape-only","non-monotonic; peak at caps_word_count=28.70, trough at caps_word_count=13.01; link-scale range 1.67",0.419554488493433,"n.s.",7545,"05_modelling/05_gam/models/m_tt_velocity_72h.rds","summary(m_tt_velocity_72h)$s.table[s(caps_word_count)] (q25==q75 in fitting frame; IQR delta degenerate)",,"predictor essentially constant over IQR (q25=q75=-0.254); shape evaluated over q10..q90 instead; edf=3.42; F=0.96"
"colourfulness","tt","velocity_t72","percent","-2.3",0.171728565671864,"n.s.",7545,"05_modelling/05_gam/models/m_tt_velocity_72h.rds","summary(m_tt_velocity_72h)$s.table[s(colourfulness)] + IQR partial(q25,q75)",,"smooth IQR (q75-q25); edf=1.00; F=1.87; monotonic over IQR (q25=-0.679, q75=0.487 of colourfulness)"
"contrast","tt","velocity_t72","percent","-2.1",0.0271075517521099,"*",7545,"05_modelling/05_gam/models/m_tt_velocity_72h.rds","summary(m_tt_velocity_72h)$s.table[s(contrast)] + IQR partial(q25,q75)",,"smooth IQR (q75-q25); edf=3.39; F=2.67; non-monotonic in IQR (q25=-0.603, q50=0.0262, q75=0.639 of contrast; link-range over q10..q90 = 0.07)"
"cta_flag","tt","velocity_t72","percent","+5.0",0.624859482331669,"n.s.",7545,"05_modelling/05_gam/models/m_tt_velocity_72h.rds","summary(m_tt_velocity_72h)$p.table[cta_flag]",,"binary; beta=0.0488, SE=0.0999, t=0.49"
"ellipsis_count","tt","velocity_t72","shape-only","non-monotonic; peak at ellipsis_count=30.09, trough at ellipsis_count=-0.21; link-scale range 0.05",0.910698677962951,"n.s.",7545,"05_modelling/05_gam/models/m_tt_velocity_72h.rds","summary(m_tt_velocity_72h)$s.table[s(ellipsis_count)] (q25==q75 in fitting frame; IQR delta degenerate)",,"predictor essentially constant over IQR (q25=q75=-0.211); shape evaluated over q10..q90 instead; edf=1.00; F=0.02"
"emoji_count","tt","velocity_t72","percent","-2.1",0.144955292196914,"n.s.",7545,"05_modelling/05_gam/models/m_tt_velocity_72h.rds","summary(m_tt_velocity_72h)$s.table[s(emoji_count)] + IQR partial(q25,q75)",,"smooth IQR (q75-q25); edf=3.45; F=1.73; monotonic over IQR (q25=-0.617, q75=0.0896 of emoji_count)"
"exclamation_density","tt","velocity_t72","shape-only","non-monotonic; peak at exclamation_density=-0.16, trough at exclamation_density=42.48; link-scale range 0.47",0.423844891482046,"n.s.",7545,"05_modelling/05_gam/models/m_tt_velocity_72h.rds","summary(m_tt_velocity_72h)$s.table[s(exclamation_density)] (q25==q75 in fitting frame; IQR delta degenerate)",,"predictor essentially constant over IQR (q25=q75=-0.163); shape evaluated over q10..q90 instead; edf=1.00; F=0.64"
"face_flag","tt","velocity_t72","percent","+2.4",0.454925648175965,"n.s.",7545,"05_modelling/05_gam/models/m_tt_velocity_72h.rds","summary(m_tt_velocity_72h)$p.table[face_flag]",,"binary; beta=0.0238, SE=0.0318, t=0.75"
"flesch_available","tt","velocity_t72","percent","-2.2",0.67563090348306,"n.s.",7545,"05_modelling/05_gam/models/m_tt_velocity_72h.rds","summary(m_tt_velocity_72h)$p.table[flesch_available]",,"binary; beta=-0.0225, SE=0.0538, t=-0.42"
"flesch_reading_ease","tt","velocity_t72","percent","-0.4",0.771973405300335,"n.s.",7545,"05_modelling/05_gam/models/m_tt_velocity_72h.rds","summary(m_tt_velocity_72h)$s.table[s(flesch_reading_ease)] + IQR partial(q25,q75)",,"smooth IQR (q75-q25); edf=1.00; F=0.09; monotonic over IQR (q25=-0.304, q75=0.59 of flesch_reading_ease)"
"follower_available","tt","velocity_t72","percent","-95.8",2.00763633895346e-36,"***",7545,"05_modelling/05_gam/models/m_tt_velocity_72h.rds","summary(m_tt_velocity_72h)$p.table[follower_available]",,"binary; beta=-3.1618, SE=0.2495, t=-12.67"
"hashtag_count","tt","velocity_t72","percent","-6.4",0.0846807451854031,"n.s.",7545,"05_modelling/05_gam/models/m_tt_velocity_72h.rds","summary(m_tt_velocity_72h)$s.table[s(hashtag_count)] + IQR partial(q25,q75)",,"smooth IQR (q75-q25); edf=2.11; F=2.15; monotonic over IQR (q25=-1.2, q75=1.04 of hashtag_count)"
"is_trending","tt","velocity_t72","percent","-0.6",0.876709776133595,"n.s.",7545,"05_modelling/05_gam/models/m_tt_velocity_72h.rds","summary(m_tt_velocity_72h)$p.table[is_trending]",,"binary; beta=-0.0061, SE=0.0396, t=-0.16"
"is_weekend","tt","velocity_t72","percent","-17.1",0.0362325787481223,"*",7545,"05_modelling/05_gam/models/m_tt_velocity_72h.rds","summary(m_tt_velocity_72h)$p.table[is_weekend]",,"binary; beta=-0.1877, SE=0.0896, t=-2.09"
"lang","tt","velocity_t72","F","F(10) = 29.81",6.1799035322817e-57,"***",7545,"05_modelling/05_gam/models/m_tt_velocity_72h.rds","summary(m_tt_velocity_72h)$pTerms.table[lang]","als","omnibus Wald via pTerms.table (parametric factor)"
"line_break_count","tt","velocity_t72","shape-only","non-monotonic; peak at line_break_count=34.23, trough at line_break_count=-0.03; link-scale range 0.25",0.60796083093331,"n.s.",7545,"05_modelling/05_gam/models/m_tt_velocity_72h.rds","summary(m_tt_velocity_72h)$s.table[s(line_break_count)] (q25==q75 in fitting frame; IQR delta degenerate)",,"predictor essentially constant over IQR (q25=q75=-0.0329); shape evaluated over q10..q90 instead; edf=1.00; F=0.26"
"local_hour","tt","velocity_t72","shape-only","cyclic; peak ~4h / trough ~15h; link-scale range 0.00",0.594501892457141,"n.s.",7545,"05_modelling/05_gam/models/m_tt_velocity_72h.rds","summary(m_tt_velocity_72h)$s.table[s(local_hour)]",,"cyclic smooth (bs=cc); edf=0.03; F=0.00"
"log_follower","tt","velocity_t72","percent","+1.7",0,"***",7545,"05_modelling/05_gam/models/m_tt_velocity_72h.rds","summary(m_tt_velocity_72h)$s.table[s(log_follower)] + IQR partial(q25,q75)",,"smooth IQR (q75-q25); edf=4.96; F=7.34; non-monotonic in IQR (q25=-0.835, q50=-0.0688, q75=0.76 of log_follower; link-range over q10..q90 = 0.18)"
"log_ocr_text_len","tt","velocity_t72","percent","-0.8",0.247117152609731,"n.s.",7545,"05_modelling/05_gam/models/m_tt_velocity_72h.rds","summary(m_tt_velocity_72h)$s.table[s(log_ocr_text_len)] + IQR partial(q25,q75)",,"smooth IQR (q75-q25); edf=5.66; F=1.45; non-monotonic in IQR (q25=-0.511, q50=0.0162, q75=0.583 of log_ocr_text_len; link-range over q10..q90 = 0.08)"
"log_post_age","tt","velocity_t72","percent","-32.9",0,"***",7545,"05_modelling/05_gam/models/m_tt_velocity_72h.rds","summary(m_tt_velocity_72h)$s.table[s(log_post_age)] + IQR partial(q25,q75)",,"smooth IQR (q75-q25); edf=8.28; F=66.51; monotonic over IQR (q25=-0.582, q75=0.595 of log_post_age)"
"media_type","tt","velocity_t72","n/a","n/a",,"n.s.",7545,"05_modelling/05_gam/models/m_tt_velocity_72h.rds","structural (TT all video)",,"structurally constant on TikTok; test not defined"
"mention_count","tt","velocity_t72","shape-only","non-monotonic; peak at mention_count=-0.31, trough at mention_count=16.24; link-scale range 0.58",0.0143675051133442,"*",7545,"05_modelling/05_gam/models/m_tt_velocity_72h.rds","summary(m_tt_velocity_72h)$s.table[s(mention_count)] (q25==q75 in fitting frame; IQR delta degenerate)",,"predictor essentially constant over IQR (q25=q75=-0.31); shape evaluated over q10..q90 instead; edf=1.01; F=5.94"
"punct_diversity","tt","velocity_t72","percent","+2.1",0.148628518669608,"n.s.",7545,"05_modelling/05_gam/models/m_tt_velocity_72h.rds","summary(m_tt_velocity_72h)$s.table[s(punct_diversity)] + IQR partial(q25,q75)",,"smooth IQR (q75-q25); edf=1.00; F=2.09; monotonic over IQR (q25=-0.707, q75=0.242 of punct_diversity)"
"question_density","tt","velocity_t72","shape-only","non-monotonic; peak at question_density=41.65, trough at question_density=-0.10; link-scale range 0.84",0.130603840773805,"n.s.",7545,"05_modelling/05_gam/models/m_tt_velocity_72h.rds","summary(m_tt_velocity_72h)$s.table[s(question_density)] (q25==q75 in fitting frame; IQR delta degenerate)",,"predictor essentially constant over IQR (q25=q75=-0.1); shape evaluated over q10..q90 instead; edf=1.00; F=2.28"
"topic_cluster","tt","velocity_t72","F","F(9) = 5.62",8.75870557930041e-08,"***",7545,"05_modelling/05_gam/models/m_tt_velocity_72h.rds","summary(m_tt_velocity_72h)$pTerms.table[topic_cluster]","1","omnibus Wald via pTerms.table (parametric factor)"
"topic_cluster:10","tt","velocity_t72","percent","+5.0",0.577800344688898,"n.s.",7545,"05_modelling/05_gam/models/m_tt_velocity_72h.rds","summary(m_tt_velocity_72h)$p.table[topic_cluster10]","1","F1 per-level at platform baseline (0.430); beta=0.0484, SE=0.0869, t=0.56"
"topic_cluster:2","tt","velocity_t72","percent","-10.4",0.43780850429815,"n.s.",7545,"05_modelling/05_gam/models/m_tt_velocity_72h.rds","summary(m_tt_velocity_72h)$p.table[topic_cluster2]","1","F1 per-level at platform baseline (0.430); beta=-0.1101, SE=0.1419, t=-0.78"
"topic_cluster:3","tt","velocity_t72","percent","+0.5",0.956294160415069,"n.s.",7545,"05_modelling/05_gam/models/m_tt_velocity_72h.rds","summary(m_tt_velocity_72h)$p.table[topic_cluster3]","1","F1 per-level at platform baseline (0.430); beta=0.0047, SE=0.0858, t=0.05"
"topic_cluster:4","tt","velocity_t72","percent","+21.7",0.0272552192569098,"*",7545,"05_modelling/05_gam/models/m_tt_velocity_72h.rds","summary(m_tt_velocity_72h)$p.table[topic_cluster4]","1","F1 per-level at platform baseline (0.430); beta=0.1962, SE=0.0889, t=2.21"
"topic_cluster:5","tt","velocity_t72","percent","+0.7",0.939389891463247,"n.s.",7545,"05_modelling/05_gam/models/m_tt_velocity_72h.rds","summary(m_tt_velocity_72h)$p.table[topic_cluster5]","1","F1 per-level at platform baseline (0.430); beta=0.0066, SE=0.0863, t=0.08"
"topic_cluster:6","tt","velocity_t72","percent","+28.8",0.0081999104560524,"**",7545,"05_modelling/05_gam/models/m_tt_velocity_72h.rds","summary(m_tt_velocity_72h)$p.table[topic_cluster6]","1","F1 per-level at platform baseline (0.430); beta=0.2530, SE=0.0957, t=2.64"
"topic_cluster:7","tt","velocity_t72","percent","+7.9",0.346047326821059,"n.s.",7545,"05_modelling/05_gam/models/m_tt_velocity_72h.rds","summary(m_tt_velocity_72h)$p.table[topic_cluster7]","1","F1 per-level at platform baseline (0.430); beta=0.0760, SE=0.0807, t=0.94"
"topic_cluster:8","tt","velocity_t72","percent","-15.1",0.128281311427072,"n.s.",7545,"05_modelling/05_gam/models/m_tt_velocity_72h.rds","summary(m_tt_velocity_72h)$p.table[topic_cluster8]","1","F1 per-level at platform baseline (0.430); beta=-0.1640, SE=0.1078, t=-1.52"
"topic_cluster:9","tt","velocity_t72","percent","-19.0",0.0341871508229064,"*",7545,"05_modelling/05_gam/models/m_tt_velocity_72h.rds","summary(m_tt_velocity_72h)$p.table[topic_cluster9]","1","F1 per-level at platform baseline (0.430); beta=-0.2102, SE=0.0992, t=-2.12"
"url_count","tt","velocity_t72","percent","-1.1",0.403349527341546,"n.s.",7545,"05_modelling/05_gam/models/m_tt_velocity_72h.rds","summary(m_tt_velocity_72h)$p.table[url_count]",,"linear; beta=-0.0111, SE=0.0133, t=-0.84"
"uses_named_audio","tt","velocity_t72","percent","+10.0",0.29388329968916,"n.s.",7545,"05_modelling/05_gam/models/m_tt_velocity_72h.rds","summary(m_tt_velocity_72h)$p.table[uses_named_audio]",,"binary; beta=0.0952, SE=0.0907, t=1.05"
"weekday","tt","velocity_t72","shape-only","cyclic; peak ~Mon / trough ~Wed; link-scale range 0.20",0.000507098631006841,"***",7545,"05_modelling/05_gam/models/m_tt_velocity_72h.rds","summary(m_tt_velocity_72h)$s.table[s(weekday)]",,"cyclic smooth (bs=cc); edf=3.34; F=3.40"
"word_count","tt","velocity_t72","percent","-1.2",0.0157012333274921,"*",7545,"05_modelling/05_gam/models/m_tt_velocity_72h.rds","summary(m_tt_velocity_72h)$s.table[s(word_count)] + IQR partial(q25,q75)",,"smooth IQR (q75-q25); edf=1.03; F=5.70; monotonic over IQR (q25=-0.339, q75=-0.0466 of word_count)"
"account_type","ig","inclusion","chi-sq","chi-sq(2) = 150.63",1.95859360415732e-33,"***",4928,"05_modelling/05_gam/sensitivity/m_ig_inclusion_joined.rds","summary(m_ig_inclusion_joined)$pTerms.table[account_type]","both","omnibus Wald via pTerms.table (parametric factor)"
"avg_sentence_len","ig","inclusion","pp","+0.3",0.883691829429764,"n.s.",4928,"05_modelling/05_gam/sensitivity/m_ig_inclusion_joined.rds","summary(m_ig_inclusion_joined)$s.table[s(avg_sentence_len)] + IQR partial(q25,q75)",,"smooth IQR (q75-q25); edf=1.00; chi-sq=0.02; monotonic over IQR (q25=-0.592, q75=0.297 of avg_sentence_len)"
"brightness","ig","inclusion","pp","+4.1",0.0420110345589592,"*",4928,"05_modelling/05_gam/sensitivity/m_ig_inclusion_joined.rds","summary(m_ig_inclusion_joined)$s.table[s(brightness)] + IQR partial(q25,q75)",,"smooth IQR (q75-q25); edf=1.00; chi-sq=4.14; monotonic over IQR (q25=-0.644, q75=0.586 of brightness)"
"caps_ratio","ig","inclusion","pp","+1.7",0.583579924074343,"n.s.",4928,"05_modelling/05_gam/sensitivity/m_ig_inclusion_joined.rds","summary(m_ig_inclusion_joined)$s.table[s(caps_ratio)] + IQR partial(q25,q75)",,"smooth IQR (q75-q25); edf=1.95; chi-sq=1.38; monotonic over IQR (q25=-0.476, q75=0.101 of caps_ratio)"
"caps_word_count","ig","inclusion","shape-only","non-monotonic; peak at caps_word_count=-0.28, trough at caps_word_count=33.44; link-scale range 1.58",0.675386338268878,"n.s.",4928,"05_modelling/05_gam/sensitivity/m_ig_inclusion_joined.rds","summary(m_ig_inclusion_joined)$s.table[s(caps_word_count)] (q25==q75 in fitting frame; IQR delta degenerate)",,"predictor essentially constant over IQR (q25=q75=-0.278); shape evaluated over q10..q90 instead; edf=1.05; chi-sq=0.31"
"colourfulness","ig","inclusion","pp","+1.3",0.764535764663485,"n.s.",4928,"05_modelling/05_gam/sensitivity/m_ig_inclusion_joined.rds","summary(m_ig_inclusion_joined)$s.table[s(colourfulness)] + IQR partial(q25,q75)",,"smooth IQR (q75-q25); edf=1.94; chi-sq=0.45; monotonic over IQR (q25=-0.707, q75=0.486 of colourfulness)"
"contrast","ig","inclusion","pp","+2.5",0.181492365008947,"n.s.",4928,"05_modelling/05_gam/sensitivity/m_ig_inclusion_joined.rds","summary(m_ig_inclusion_joined)$s.table[s(contrast)] + IQR partial(q25,q75)",,"smooth IQR (q75-q25); edf=1.00; chi-sq=1.79; monotonic over IQR (q25=-0.588, q75=0.633 of contrast)"
"cta_flag","ig","inclusion","pp","+2.1",0.728755644200515,"n.s.",4928,"05_modelling/05_gam/sensitivity/m_ig_inclusion_joined.rds","summary(m_ig_inclusion_joined)$p.table[cta_flag]",,"binary; beta=0.0935, SE=0.2698, z=0.35"
"ellipsis_count","ig","inclusion","shape-only","non-monotonic; peak at ellipsis_count=-0.15, trough at ellipsis_count=62.37; link-scale range 6.73",0.50044080459489,"n.s.",4928,"05_modelling/05_gam/sensitivity/m_ig_inclusion_joined.rds","summary(m_ig_inclusion_joined)$s.table[s(ellipsis_count)] (q25==q75 in fitting frame; IQR delta degenerate)",,"predictor essentially constant over IQR (q25=q75=-0.151); shape evaluated over q10..q90 instead; edf=1.00; chi-sq=0.45"
"emoji_count","ig","inclusion","pp","+2.3",0.283725260287698,"n.s.",4928,"05_modelling/05_gam/sensitivity/m_ig_inclusion_joined.rds","summary(m_ig_inclusion_joined)$s.table[s(emoji_count)] + IQR partial(q25,q75)",,"smooth IQR (q75-q25); edf=1.82; chi-sq=2.93; monotonic over IQR (q25=-0.472, q75=0.0526 of emoji_count)"
"exclamation_density","ig","inclusion","shape-only","non-monotonic; peak at exclamation_density=13.78, trough at exclamation_density=41.66; link-scale range 1.85",0.148719484910238,"n.s.",4928,"05_modelling/05_gam/sensitivity/m_ig_inclusion_joined.rds","summary(m_ig_inclusion_joined)$s.table[s(exclamation_density)] (q25==q75 in fitting frame; IQR delta degenerate)",,"predictor essentially constant over IQR (q25=q75=-0.168); shape evaluated over q10..q90 instead; edf=2.27; chi-sq=5.11"
"face_flag","ig","inclusion","pp","-10.6",0.000223156048927639,"***",4928,"05_modelling/05_gam/sensitivity/m_ig_inclusion_joined.rds","summary(m_ig_inclusion_joined)$p.table[face_flag]",,"binary; beta=-0.5423, SE=0.1469, z=-3.69"
"flesch_available","ig","inclusion","pp","+25.9",0.00102075546327926,"**",4928,"05_modelling/05_gam/sensitivity/m_ig_inclusion_joined.rds","summary(m_ig_inclusion_joined)$p.table[flesch_available]",,"binary; beta=1.0703, SE=0.3258, z=3.28"
"flesch_reading_ease","ig","inclusion","pp","+7.4",0.00133621073057705,"**",4928,"05_modelling/05_gam/sensitivity/m_ig_inclusion_joined.rds","summary(m_ig_inclusion_joined)$s.table[s(flesch_reading_ease)] + IQR partial(q25,q75)",,"smooth IQR (q75-q25); edf=1.00; chi-sq=10.29; monotonic over IQR (q25=-0.461, q75=0.601 of flesch_reading_ease)"
"follower_available","ig","inclusion",,,0.99998919218171,"n.s.",4928,"05_modelling/05_gam/sensitivity/m_ig_inclusion_joined.rds","summary(m_ig_inclusion_joined)$p.table[follower_available]",,"complete separation (beta=143.73, SE=1.1e+07); not estimable"
"hashtag_count","ig","inclusion","pp","+1.5",0.351891062260564,"n.s.",4928,"05_modelling/05_gam/sensitivity/m_ig_inclusion_joined.rds","summary(m_ig_inclusion_joined)$s.table[s(hashtag_count)] + IQR partial(q25,q75)",,"smooth IQR (q75-q25); edf=1.00; chi-sq=0.87; monotonic over IQR (q25=-0.631, q75=0.241 of hashtag_count)"
"lang","ig","inclusion","chi-sq","chi-sq(1) = 0.00",0.999987368577072,"n.s.",4928,"05_modelling/05_gam/sensitivity/m_ig_inclusion_joined.rds","summary(m_ig_inclusion_joined)$pTerms.table[lang]","de","omnibus Wald via pTerms.table (parametric factor)"
"line_break_count","ig","inclusion","pp","-2.7",0.265530134694735,"n.s.",4928,"05_modelling/05_gam/sensitivity/m_ig_inclusion_joined.rds","summary(m_ig_inclusion_joined)$s.table[s(line_break_count)] + IQR partial(q25,q75)",,"smooth IQR (q75-q25); edf=1.00; chi-sq=1.24; monotonic over IQR (q25=-0.662, q75=0.221 of line_break_count)"
"log_follower","ig","inclusion","pp","+3.5",0.0652876843451646,"n.s.",4928,"05_modelling/05_gam/sensitivity/m_ig_inclusion_joined.rds","summary(m_ig_inclusion_joined)$s.table[s(log_follower)] + IQR partial(q25,q75)",,"smooth IQR (q75-q25); edf=1.00; chi-sq=3.40; monotonic over IQR (q25=-0.605, q75=0.664 of log_follower)"
"log_ocr_text_len","ig","inclusion","pp","+0.7",0.710434609222781,"n.s.",4928,"05_modelling/05_gam/sensitivity/m_ig_inclusion_joined.rds","summary(m_ig_inclusion_joined)$s.table[s(log_ocr_text_len)] + IQR partial(q25,q75)",,"smooth IQR (q75-q25); edf=1.00; chi-sq=0.14; monotonic over IQR (q25=-0.485, q75=0.715 of log_ocr_text_len)"
"media_type","ig","inclusion","chi-sq","chi-sq(10.71) = 245.60",1.457e-46,"***",4928,"05_modelling/05_gam/sensitivity/m_ig_inclusion_joined.rds","factor_omnibus_tests.csv [model=ig_inclusion_joined, feature=media_type]","carousel","omnibus from factor_omnibus_tests.csv (anova.gam two-model deviance test)"
"media_type:image","ig","inclusion","pp","-4.4",0.260845143064356,"n.s.",4928,"05_modelling/05_gam/sensitivity/m_ig_inclusion_joined.rds","factor_pp_per_level.csv [platform=instagram, model_source=joined_only, feature=media_type:image, level=image]","carousel","F1 per-level pp at platform baseline 0.325; beta=-0.2101, SE=0.1868"
"media_type:reel","ig","inclusion","pp",,,"n.s.",4928,"05_modelling/05_gam/sensitivity/m_ig_inclusion_joined.rds","summary(m_ig_inclusion_joined)$p.table[media_typereel] + cell-count check","carousel","cell separation in fitting frame (n_top=57, n_baseline=0 at level=reel); per-level not estimable; full-model beta not robust to source"
"media_type:video","ig","inclusion","pp","-2.4",0.530830208935979,"n.s.",4928,"05_modelling/05_gam/sensitivity/m_ig_inclusion_joined.rds","factor_pp_per_level.csv [platform=instagram, model_source=joined_only, feature=media_type:video, level=video]","carousel","F1 per-level pp at platform baseline 0.325; beta=-0.1107, SE=0.1767"
"mention_count","ig","inclusion","pp","+0.9",0.159633501178473,"n.s.",4928,"05_modelling/05_gam/sensitivity/m_ig_inclusion_joined.rds","summary(m_ig_inclusion_joined)$s.table[s(mention_count)] + IQR partial(q25,q75)",,"smooth IQR (q75-q25); edf=1.00; chi-sq=1.98; monotonic over IQR (q25=-0.333, q75=0.0363 of mention_count)"
"punct_diversity","ig","inclusion","pp","-4.8",0.234128898996217,"n.s.",4928,"05_modelling/05_gam/sensitivity/m_ig_inclusion_joined.rds","summary(m_ig_inclusion_joined)$s.table[s(punct_diversity)] + IQR partial(q25,q75)",,"smooth IQR (q75-q25); edf=1.61; chi-sq=3.11; monotonic over IQR (q25=-0.746, q75=0.44 of punct_diversity)"
"question_density","ig","inclusion","shape-only","non-monotonic; peak at question_density=-0.20, trough at question_density=33.95; link-scale range 0.72",0.793996592346913,"n.s.",4928,"05_modelling/05_gam/sensitivity/m_ig_inclusion_joined.rds","summary(m_ig_inclusion_joined)$s.table[s(question_density)] (q25==q75 in fitting frame; IQR delta degenerate)",,"predictor essentially constant over IQR (q25=q75=-0.199); shape evaluated over q10..q90 instead; edf=1.00; chi-sq=0.07"
"topic_cluster","ig","inclusion","chi-sq","chi-sq(13.88) = 25.93",0.02518,"*",4928,"05_modelling/05_gam/sensitivity/m_ig_inclusion_joined.rds","factor_omnibus_tests.csv [model=ig_inclusion_joined, feature=topic_cluster]","1","omnibus from factor_omnibus_tests.csv (anova.gam two-model deviance test)"
"topic_cluster:10","ig","inclusion","pp","-12.1",0.133092538794456,"n.s.",4928,"05_modelling/05_gam/sensitivity/m_ig_inclusion_joined.rds","summary(m_ig_inclusion_joined)$p.table[topic_cluster10]","1","F1 per-level at platform baseline (0.325); beta=-0.6285, SE=0.4184, z=-1.50"
"topic_cluster:2","ig","inclusion","pp","-6.6",0.329555222676883,"n.s.",4928,"05_modelling/05_gam/sensitivity/m_ig_inclusion_joined.rds","summary(m_ig_inclusion_joined)$p.table[topic_cluster2]","1","F1 per-level at platform baseline (0.325); beta=-0.3222, SE=0.3305, z=-0.98"
"topic_cluster:3","ig","inclusion","pp","-13.6",0.217531970646436,"n.s.",4928,"05_modelling/05_gam/sensitivity/m_ig_inclusion_joined.rds","summary(m_ig_inclusion_joined)$p.table[topic_cluster3]","1","F1 per-level at platform baseline (0.325); beta=-0.7239, SE=0.5871, z=-1.23"
"topic_cluster:4","ig","inclusion","pp","+7.2",0.37976680709403,"n.s.",4928,"05_modelling/05_gam/sensitivity/m_ig_inclusion_joined.rds","summary(m_ig_inclusion_joined)$p.table[topic_cluster4]","1","F1 per-level at platform baseline (0.325); beta=0.3109, SE=0.3540, z=0.88"
"topic_cluster:5","ig","inclusion","pp","-6.2",0.438154116904772,"n.s.",4928,"05_modelling/05_gam/sensitivity/m_ig_inclusion_joined.rds","summary(m_ig_inclusion_joined)$p.table[topic_cluster5]","1","F1 per-level at platform baseline (0.325); beta=-0.3021, SE=0.3897, z=-0.78"
"topic_cluster:6","ig","inclusion","pp",,,"n.s.",4928,"05_modelling/05_gam/sensitivity/m_ig_inclusion_joined.rds","summary(m_ig_inclusion_joined)$p.table[topic_cluster6] + cell-count check","1","cell separation in fitting frame (n_top=0, n_baseline=47 at level=6); per-level not estimable; full-model beta not robust to source"
"topic_cluster:7","ig","inclusion","pp","-5.5",0.489444374992764,"n.s.",4928,"05_modelling/05_gam/sensitivity/m_ig_inclusion_joined.rds","summary(m_ig_inclusion_joined)$p.table[topic_cluster7]","1","F1 per-level at platform baseline (0.325); beta=-0.2624, SE=0.3796, z=-0.69"
"topic_cluster:8","ig","inclusion","pp","-13.4",0.0319710575623178,"*",4928,"05_modelling/05_gam/sensitivity/m_ig_inclusion_joined.rds","factor_pp_per_level.csv [platform=instagram, model_source=joined_only, feature=topic_cluster:8, level=8]","1","F1 per-level pp at platform baseline 0.325; beta=-0.7122, SE=0.3321"
"topic_cluster:9","ig","inclusion","pp","-16.0",0.0715697363633662,"n.s.",4928,"05_modelling/05_gam/sensitivity/m_ig_inclusion_joined.rds","summary(m_ig_inclusion_joined)$p.table[topic_cluster9]","1","F1 per-level at platform baseline (0.325); beta=-0.8899, SE=0.4939, z=-1.80"
"topic_cluster:unknown","ig","inclusion","pp","+0.6",0.983228558790936,"n.s.",4928,"05_modelling/05_gam/sensitivity/m_ig_inclusion_joined.rds","summary(m_ig_inclusion_joined)$p.table[topic_clusterunknown]","1","F1 per-level at platform baseline (0.325); beta=0.0276, SE=1.3136, z=0.02"
"url_count","ig","inclusion","shape-only","non-monotonic; peak at url_count=26.09, trough at url_count=-0.10; link-scale range 0.96",0.515052050982598,"n.s.",4928,"05_modelling/05_gam/sensitivity/m_ig_inclusion_joined.rds","summary(m_ig_inclusion_joined)$s.table[s(url_count)] (q25==q75 in fitting frame; IQR delta degenerate)",,"predictor essentially constant over IQR (q25=q75=-0.103); shape evaluated over q10..q90 instead; edf=1.00; chi-sq=0.42"
"word_count","ig","inclusion","pp","-13.8",0.0597139347017021,"n.s.",4928,"05_modelling/05_gam/sensitivity/m_ig_inclusion_joined.rds","summary(m_ig_inclusion_joined)$s.table[s(word_count)] + IQR partial(q25,q75)",,"smooth IQR (q75-q25); edf=3.88; chi-sq=9.68; monotonic over IQR (q25=-0.646, q75=0.285 of word_count)"
"account_type","ig","rank","F","F(2) = 4.47",0.0115002274707588,"*",2249,"05_modelling/05_gam/models/m_ig_rank.rds","summary(m_ig_rank)$pTerms.table[account_type]","both","omnibus Wald via pTerms.table (parametric factor)"
"avg_sentence_len","ig","rank","positions","+0.08",0.4214777177001,"n.s.",2249,"05_modelling/05_gam/models/m_ig_rank.rds","summary(m_ig_rank)$s.table[s(avg_sentence_len)] + IQR partial(q25,q75)",,"smooth IQR (q75-q25); edf=1.00; F=0.65; monotonic over IQR (q25=-0.538, q75=0.216 of avg_sentence_len)"
"brightness","ig","rank","positions","-0.39",0.00688847669128778,"**",2249,"05_modelling/05_gam/models/m_ig_rank.rds","summary(m_ig_rank)$s.table[s(brightness)] + IQR partial(q25,q75)",,"smooth IQR (q75-q25); edf=1.53; F=5.66; monotonic over IQR (q25=-0.426, q75=0.631 of brightness)"
"caps_ratio","ig","rank","positions","-0.04",0.715143711798967,"n.s.",2249,"05_modelling/05_gam/models/m_ig_rank.rds","summary(m_ig_rank)$s.table[s(caps_ratio)] + IQR partial(q25,q75)",,"smooth IQR (q75-q25); edf=1.00; F=0.13; monotonic over IQR (q25=-0.448, q75=0.215 of caps_ratio)"
"caps_word_count","ig","rank","shape-only","non-monotonic; peak at caps_word_count=28.74, trough at caps_word_count=-0.28; link-scale range 4.74",0.236877717111165,"n.s.",2249,"05_modelling/05_gam/models/m_ig_rank.rds","summary(m_ig_rank)$s.table[s(caps_word_count)] (q25==q75 in fitting frame; IQR delta degenerate)",,"predictor essentially constant over IQR (q25=q75=-0.278); shape evaluated over q10..q90 instead; edf=1.00; F=1.40"
"colourfulness","ig","rank","positions","+0.03",0.820213546555174,"n.s.",2249,"05_modelling/05_gam/models/m_ig_rank.rds","summary(m_ig_rank)$s.table[s(colourfulness)] + IQR partial(q25,q75)",,"smooth IQR (q75-q25); edf=1.00; F=0.05; monotonic over IQR (q25=-0.605, q75=0.635 of colourfulness)"
"contrast","ig","rank","positions","+0.18",0.222275706091492,"n.s.",2249,"05_modelling/05_gam/models/m_ig_rank.rds","summary(m_ig_rank)$s.table[s(contrast)] + IQR partial(q25,q75)",,"smooth IQR (q75-q25); edf=1.00; F=1.49; monotonic over IQR (q25=-0.611, q75=0.574 of contrast)"
"cta_flag","ig","rank","positions","+0.53",0.2283979763625,"n.s.",2249,"05_modelling/05_gam/models/m_ig_rank.rds","summary(m_ig_rank)$p.table[cta_flag]",,"binary; beta=0.5300, SE=0.4399, t=1.20"
"ellipsis_count","ig","rank","shape-only","non-monotonic; peak at ellipsis_count=-0.15, trough at ellipsis_count=3.11; link-scale range 0.94",0.29182087285662,"n.s.",2249,"05_modelling/05_gam/models/m_ig_rank.rds","summary(m_ig_rank)$s.table[s(ellipsis_count)] (q25==q75 in fitting frame; IQR delta degenerate)",,"predictor essentially constant over IQR (q25=q75=-0.151); shape evaluated over q10..q90 instead; edf=1.49; F=0.93"
"emoji_count","ig","rank","positions","-0.03",0.787177828605045,"n.s.",2249,"05_modelling/05_gam/models/m_ig_rank.rds","summary(m_ig_rank)$s.table[s(emoji_count)] + IQR partial(q25,q75)",,"smooth IQR (q75-q25); edf=1.00; F=0.07; monotonic over IQR (q25=-0.472, q75=0.315 of emoji_count)"
"exclamation_density","ig","rank","shape-only","non-monotonic; peak at exclamation_density=-0.17, trough at exclamation_density=13.78; link-scale range 1.01",0.625701170323604,"n.s.",2249,"05_modelling/05_gam/models/m_ig_rank.rds","summary(m_ig_rank)$s.table[s(exclamation_density)] (q25==q75 in fitting frame; IQR delta degenerate)",,"predictor essentially constant over IQR (q25=q75=-0.168); shape evaluated over q10..q90 instead; edf=1.18; F=0.24"
"face_flag","ig","rank","positions","-0.42",0.0910560419953248,"n.s.",2249,"05_modelling/05_gam/models/m_ig_rank.rds","summary(m_ig_rank)$p.table[face_flag]",,"binary; beta=-0.4153, SE=0.2456, t=-1.69"
"flesch_available","ig","rank","positions","+0.40",0.48714090791399,"n.s.",2249,"05_modelling/05_gam/models/m_ig_rank.rds","summary(m_ig_rank)$p.table[flesch_available]",,"binary; beta=0.3991, SE=0.5743, t=0.69"
"flesch_reading_ease","ig","rank","positions","-0.19",0.375120779067443,"n.s.",2249,"05_modelling/05_gam/models/m_ig_rank.rds","summary(m_ig_rank)$s.table[s(flesch_reading_ease)] + IQR partial(q25,q75)",,"smooth IQR (q75-q25); edf=2.00; F=0.99; monotonic over IQR (q25=-0.301, q75=0.711 of flesch_reading_ease)"
"follower_available","ig","rank","positions","+0.91",0.00729440368712725,"**",2249,"05_modelling/05_gam/models/m_ig_rank.rds","summary(m_ig_rank)$p.table[follower_available]",,"binary; beta=0.9106, SE=0.3391, t=2.69"
"hashtag_count","ig","rank","positions","-0.21",0.00047254732742974,"***",2249,"05_modelling/05_gam/models/m_ig_rank.rds","summary(m_ig_rank)$s.table[s(hashtag_count)] + IQR partial(q25,q75)",,"smooth IQR (q75-q25); edf=2.88; F=5.66; non-monotonic in IQR (q25=-0.631, q50=-0.108, q75=0.241 of hashtag_count; link-range over q10..q90 = 0.21)"
"lang","ig","rank","F","F(9) = 2.23",0.0176621837522165,"*",2249,"05_modelling/05_gam/models/m_ig_rank.rds","summary(m_ig_rank)$pTerms.table[lang]","de","omnibus Wald via pTerms.table (parametric factor)"
"line_break_count","ig","rank","positions","-0.33",0.365598463693949,"n.s.",2249,"05_modelling/05_gam/models/m_ig_rank.rds","summary(m_ig_rank)$s.table[s(line_break_count)] + IQR partial(q25,q75)",,"smooth IQR (q75-q25); edf=1.97; F=1.03; monotonic over IQR (q25=-0.662, q75=0.221 of line_break_count)"
"log_follower","ig","rank","shape-only","non-monotonic; peak at log_follower=-0.03, trough at log_follower=4.64; link-scale range 2.65",0.212142113985151,"n.s.",2249,"05_modelling/05_gam/models/m_ig_rank.rds","summary(m_ig_rank)$s.table[s(log_follower)] (q25==q75 in fitting frame; IQR delta degenerate)",,"predictor essentially constant over IQR (q25=q75=-0.0293); shape evaluated over q10..q90 instead; edf=2.75; F=1.52"
"log_ocr_text_len","ig","rank","positions","+0.15",0.357854347539364,"n.s.",2249,"05_modelling/05_gam/models/m_ig_rank.rds","summary(m_ig_rank)$s.table[s(log_ocr_text_len)] + IQR partial(q25,q75)",,"smooth IQR (q75-q25); edf=1.48; F=0.77; monotonic over IQR (q25=-0.617, q75=0.527 of log_ocr_text_len)"
"media_type","ig","rank","F","F(3) = 16.14",2.24752160633671e-10,"***",2249,"05_modelling/05_gam/models/m_ig_rank.rds","summary(m_ig_rank)$pTerms.table[media_type]","carousel","omnibus Wald via pTerms.table (parametric factor)"
"media_type:image","ig","rank","positions","+1.55",0.000988367352236085,"***",2249,"05_modelling/05_gam/models/m_ig_rank.rds","summary(m_ig_rank)$p.table[media_typeimage]","carousel","F1 per-level at platform baseline (0.325); beta=1.5506, SE=0.4701, t=3.30"
"media_type:reel","ig","rank","positions","-1.56",2.21965535325823e-07,"***",2249,"05_modelling/05_gam/models/m_ig_rank.rds","summary(m_ig_rank)$p.table[media_typereel]","carousel","F1 per-level at platform baseline (0.325); beta=-1.5561, SE=0.2995, t=-5.20"
"media_type:video","ig","rank","positions","-0.29",0.582984725687632,"n.s.",2249,"05_modelling/05_gam/models/m_ig_rank.rds","summary(m_ig_rank)$p.table[media_typevideo]","carousel","F1 per-level at platform baseline (0.325); beta=-0.2941, SE=0.5357, t=-0.55"
"mention_count","ig","rank","positions","+0.02",0.784120742555348,"n.s.",2249,"05_modelling/05_gam/models/m_ig_rank.rds","summary(m_ig_rank)$s.table[s(mention_count)] + IQR partial(q25,q75)",,"smooth IQR (q75-q25); edf=1.43; F=0.28; monotonic over IQR (q25=-0.333, q75=0.0363 of mention_count)"
"punct_diversity","ig","rank","positions","-0.01",0.966626704399734,"n.s.",2249,"05_modelling/05_gam/models/m_ig_rank.rds","summary(m_ig_rank)$s.table[s(punct_diversity)] + IQR partial(q25,q75)",,"smooth IQR (q75-q25); edf=1.00; F=0.00; monotonic over IQR (q25=-0.622, q75=0.465 of punct_diversity)"
"question_density","ig","rank","shape-only","non-monotonic; peak at question_density=-0.20, trough at question_density=14.98; link-scale range 2.18",0.196404347090386,"n.s.",2249,"05_modelling/05_gam/models/m_ig_rank.rds","summary(m_ig_rank)$s.table[s(question_density)] (q25==q75 in fitting frame; IQR delta degenerate)",,"predictor essentially constant over IQR (q25=q75=-0.199); shape evaluated over q10..q90 instead; edf=1.00; F=1.67"
"topic_cluster","ig","rank","F","F(10) = 2.31",0.0107586268080234,"*",2249,"05_modelling/05_gam/models/m_ig_rank.rds","summary(m_ig_rank)$pTerms.table[topic_cluster]","1","omnibus Wald via pTerms.table (parametric factor)"
"topic_cluster:10","ig","rank","positions","+0.85",0.238665293597962,"n.s.",2249,"05_modelling/05_gam/models/m_ig_rank.rds","summary(m_ig_rank)$p.table[topic_cluster10]","1","F1 per-level at platform baseline (0.325); beta=0.8473, SE=0.7189, t=1.18"
"topic_cluster:2","ig","rank","positions","+0.31",0.620632859899211,"n.s.",2249,"05_modelling/05_gam/models/m_ig_rank.rds","summary(m_ig_rank)$p.table[topic_cluster2]","1","F1 per-level at platform baseline (0.325); beta=0.3139, SE=0.6342, t=0.50"
"topic_cluster:3","ig","rank","positions","-1.27",0.152021244714394,"n.s.",2249,"05_modelling/05_gam/models/m_ig_rank.rds","summary(m_ig_rank)$p.table[topic_cluster3]","1","F1 per-level at platform baseline (0.325); beta=-1.2692, SE=0.8857, t=-1.43"
"topic_cluster:4","ig","rank","positions","-0.53",0.38453954987963,"n.s.",2249,"05_modelling/05_gam/models/m_ig_rank.rds","summary(m_ig_rank)$p.table[topic_cluster4]","1","F1 per-level at platform baseline (0.325); beta=-0.5313, SE=0.6109, t=-0.87"
"topic_cluster:5","ig","rank","positions","+0.38",0.550358266907547,"n.s.",2249,"05_modelling/05_gam/models/m_ig_rank.rds","summary(m_ig_rank)$p.table[topic_cluster5]","1","F1 per-level at platform baseline (0.325); beta=0.3814, SE=0.6386, t=0.60"
"topic_cluster:6","ig","rank","positions","+0.58",0.6529538737488,"n.s.",2249,"05_modelling/05_gam/models/m_ig_rank.rds","summary(m_ig_rank)$p.table[topic_cluster6]","1","F1 per-level at platform baseline (0.325); beta=0.5793, SE=1.2881, t=0.45"
"topic_cluster:7","ig","rank","positions","+0.75",0.263593719812033,"n.s.",2249,"05_modelling/05_gam/models/m_ig_rank.rds","summary(m_ig_rank)$p.table[topic_cluster7]","1","F1 per-level at platform baseline (0.325); beta=0.7502, SE=0.6709, t=1.12"
"topic_cluster:8","ig","rank","positions","+0.96",0.127316958476161,"n.s.",2249,"05_modelling/05_gam/models/m_ig_rank.rds","summary(m_ig_rank)$p.table[topic_cluster8]","1","F1 per-level at platform baseline (0.325); beta=0.9566, SE=0.6271, t=1.53"
"topic_cluster:9","ig","rank","positions","-0.08",0.903610604071007,"n.s.",2249,"05_modelling/05_gam/models/m_ig_rank.rds","summary(m_ig_rank)$p.table[topic_cluster9]","1","F1 per-level at platform baseline (0.325); beta=-0.0834, SE=0.6888, t=-0.12"
"topic_cluster:unknown","ig","rank","positions","+2.55",0.17954653501361,"n.s.",2249,"05_modelling/05_gam/models/m_ig_rank.rds","summary(m_ig_rank)$p.table[topic_clusterunknown]","1","F1 per-level at platform baseline (0.325); beta=2.5515, SE=1.9005, t=1.34"
"url_count","ig","rank","positions","+0.17",0.269301160274721,"n.s.",2249,"05_modelling/05_gam/models/m_ig_rank.rds","summary(m_ig_rank)$p.table[url_count]",,"linear; beta=0.1660, SE=0.1502, t=1.10"
"word_count","ig","rank","positions","-0.04",0.815013087684128,"n.s.",2249,"05_modelling/05_gam/models/m_ig_rank.rds","summary(m_ig_rank)$s.table[s(word_count)] + IQR partial(q25,q75)",,"smooth IQR (q75-q25); edf=1.00; F=0.06; monotonic over IQR (q25=-0.629, q75=0.147 of word_count)"
"__withdrawn__","ig","velocity_t24","n/a","n/a",,"n.s.",,,"tasks/02_findings/findings_modelling_velocity.txt: Decision 37",,"Instagram velocity withdrawn from RQ1 reporting (Decision 37); no IG velocity model anchored in the chapter"
"__withdrawn__","ig","velocity_t72","n/a","n/a",,"n.s.",,,"tasks/02_findings/findings_modelling_velocity.txt: Decision 37",,"Instagram velocity withdrawn from RQ1 reporting (Decision 37); no IG velocity model anchored in the chapter"
"account_type","li","inclusion","chi-sq","chi-sq(1) = 0.11",0.735945158425371,"n.s.",1170,"05_modelling/05_gam/models/m_li_inclusion.rds","summary(m_li_inclusion)$pTerms.table[account_type]","fresh","omnibus Wald via pTerms.table (parametric factor)"
"avg_sentence_len","li","inclusion","pp","-1.9",0.370481658872613,"n.s.",1170,"05_modelling/05_gam/models/m_li_inclusion.rds","summary(m_li_inclusion)$s.table[s(avg_sentence_len)] + IQR partial(q25,q75)",,"smooth IQR (q75-q25); edf=2.23; chi-sq=2.73; monotonic over IQR (q25=-0.523, q75=0.276 of avg_sentence_len)"
"caps_ratio","li","inclusion","pp","+1.1",0.471991531493908,"n.s.",1170,"05_modelling/05_gam/models/m_li_inclusion.rds","summary(m_li_inclusion)$s.table[s(caps_ratio)] + IQR partial(q25,q75)",,"smooth IQR (q75-q25); edf=1.98; chi-sq=1.89; non-monotonic in IQR (q25=-0.717, q50=-0.0309, q75=0.561 of caps_ratio; link-range over q10..q90 = 0.09)"
"caps_word_count","li","inclusion","pp","-0.7",0.620778051398208,"n.s.",1170,"05_modelling/05_gam/models/m_li_inclusion.rds","summary(m_li_inclusion)$s.table[s(caps_word_count)] + IQR partial(q25,q75)",,"smooth IQR (q75-q25); edf=1.00; chi-sq=0.25; monotonic over IQR (q25=-0.598, q75=0.0472 of caps_word_count)"
"cta_flag","li","inclusion","pp","-1.9",0.688892430617483,"n.s.",1170,"05_modelling/05_gam/models/m_li_inclusion.rds","summary(m_li_inclusion)$p.table[cta_flag]",,"binary; beta=-0.0813, SE=0.2030, z=-0.40"
"ellipsis_count","li","inclusion","shape-only","non-monotonic; peak at ellipsis_count=2.44, trough at ellipsis_count=12.79; link-scale range 3.66",0.218537015787274,"n.s.",1170,"05_modelling/05_gam/models/m_li_inclusion.rds","summary(m_li_inclusion)$s.table[s(ellipsis_count)] (q25==q75 in fitting frame; IQR delta degenerate)",,"predictor essentially constant over IQR (q25=q75=-0.288); shape evaluated over q10..q90 instead; edf=2.13; chi-sq=4.06"
"emoji_count","li","inclusion","pp","+1.1",0.350367841281472,"n.s.",1170,"05_modelling/05_gam/models/m_li_inclusion.rds","summary(m_li_inclusion)$s.table[s(emoji_count)] + IQR partial(q25,q75)",,"smooth IQR (q75-q25); edf=1.00; chi-sq=0.88; monotonic over IQR (q25=-0.59, q75=0.0462 of emoji_count)"
"exclamation_density","li","inclusion","shape-only","non-monotonic; peak at exclamation_density=22.70, trough at exclamation_density=-0.22; link-scale range 0.51",0.939789822211454,"n.s.",1170,"05_modelling/05_gam/models/m_li_inclusion.rds","summary(m_li_inclusion)$s.table[s(exclamation_density)] (q25==q75 in fitting frame; IQR delta degenerate)",,"predictor essentially constant over IQR (q25=q75=-0.221); shape evaluated over q10..q90 instead; edf=1.12; chi-sq=0.08"
"flesch_available","li","inclusion","pp","+18.2",0.55024419096696,"n.s.",1170,"05_modelling/05_gam/models/m_li_inclusion.rds","summary(m_li_inclusion)$p.table[flesch_available]",,"binary; beta=0.7456, SE=1.2481, z=0.60"
"flesch_reading_ease","li","inclusion","pp","+2.5",0.316657362754864,"n.s.",1170,"05_modelling/05_gam/models/m_li_inclusion.rds","summary(m_li_inclusion)$s.table[s(flesch_reading_ease)] + IQR partial(q25,q75)",,"smooth IQR (q75-q25); edf=1.02; chi-sq=1.01; monotonic over IQR (q25=-0.587, q75=0.647 of flesch_reading_ease)"
"follower_available","li","inclusion","pp","+0.7",0.878671583167237,"n.s.",1170,"05_modelling/05_gam/models/m_li_inclusion.rds","summary(m_li_inclusion)$p.table[follower_available]",,"binary; beta=0.0317, SE=0.2074, z=0.15"
"hashtag_count","li","inclusion","pp","-1.8",0.36463658417364,"n.s.",1170,"05_modelling/05_gam/models/m_li_inclusion.rds","summary(m_li_inclusion)$s.table[s(hashtag_count)] + IQR partial(q25,q75)",,"smooth IQR (q75-q25); edf=1.00; chi-sq=0.83; monotonic over IQR (q25=-0.641, q75=0.465 of hashtag_count)"
"is_weekend","li","inclusion","pp","-3.9",0.392369236374706,"n.s.",1170,"05_modelling/05_gam/models/m_li_inclusion.rds","summary(m_li_inclusion)$p.table[is_weekend]",,"binary; beta=-0.1756, SE=0.2053, z=-0.86"
"lang","li","inclusion","chi-sq","chi-sq(1) = 0.00",0.999997894196356,"n.s.",1170,"05_modelling/05_gam/models/m_li_inclusion.rds","summary(m_li_inclusion)$pTerms.table[lang]","de","omnibus Wald via pTerms.table (parametric factor)"
"line_break_count","li","inclusion","pp","+2.3",0.44295945764161,"n.s.",1170,"05_modelling/05_gam/models/m_li_inclusion.rds","summary(m_li_inclusion)$s.table[s(line_break_count)] + IQR partial(q25,q75)",,"smooth IQR (q75-q25); edf=1.01; chi-sq=0.62; monotonic over IQR (q25=-0.738, q75=0.414 of line_break_count)"
"local_hour","li","inclusion","shape-only","cyclic; peak ~23h / trough ~13h; link-scale range 0.00",0.951857338729282,"n.s.",1170,"05_modelling/05_gam/models/m_li_inclusion.rds","summary(m_li_inclusion)$s.table[s(local_hour)]",,"cyclic smooth (bs=cc); edf=0.01; chi-sq=0.00"
"log_follower","li","inclusion","shape-only","non-monotonic; peak at log_follower=-4.49, trough at log_follower=1.65; link-scale range 0.72",0.171994297908628,"n.s.",1170,"05_modelling/05_gam/models/m_li_inclusion.rds","summary(m_li_inclusion)$s.table[s(log_follower)] (q25==q75 in fitting frame; IQR delta degenerate)",,"predictor essentially constant over IQR (q25=q75=0.128); shape evaluated over q10..q90 instead; edf=1.00; chi-sq=1.87"
"log_post_age","li","inclusion","pp","-8.7",4.14758094206547e-05,"***",1170,"05_modelling/05_gam/models/m_li_inclusion.rds","summary(m_li_inclusion)$s.table[s(log_post_age)] + IQR partial(q25,q75)",,"smooth IQR (q75-q25); edf=3.05; chi-sq=26.34; monotonic over IQR (q25=-0.948, q75=0.909 of log_post_age)"
"media_type","li","inclusion","chi-sq","chi-sq(2.78) = 58.75",7.457e-13,"***",1170,"05_modelling/05_gam/models/m_li_inclusion.rds","factor_omnibus_tests.csv [model=li_inclusion, feature=media_type]","article","omnibus from factor_omnibus_tests.csv (anova.gam two-model deviance test)"
"media_type:carousel","li","inclusion","pp","+13.0",0.15820728439438,"n.s.",1170,"05_modelling/05_gam/models/m_li_inclusion.rds","summary(m_li_inclusion)$p.table[media_typecarousel]","article","F1 per-level at platform baseline (0.360); beta=0.5354, SE=0.3794, z=1.41"
"media_type:document","li","inclusion","pp","+13.9",0.143943620844757,"n.s.",1170,"05_modelling/05_gam/models/m_li_inclusion.rds","summary(m_li_inclusion)$p.table[media_typedocument]","article","F1 per-level at platform baseline (0.360); beta=0.5712, SE=0.3909, z=1.46"
"media_type:image","li","inclusion","pp","-12.6",0.022257387130919,"*",1170,"05_modelling/05_gam/models/m_li_inclusion.rds","factor_pp_per_level.csv [platform=linkedin, model_source=full, feature=media_type:image, level=image]","article","F1 per-level pp at platform baseline 0.360; beta=-0.6119, SE=0.2677"
"media_type:text","li","inclusion","pp","+13.5",0.11332315782692,"n.s.",1170,"05_modelling/05_gam/models/m_li_inclusion.rds","summary(m_li_inclusion)$p.table[media_typetext]","article","F1 per-level at platform baseline (0.360); beta=0.5564, SE=0.3514, z=1.58"
"media_type:video","li","inclusion","pp","+16.2",0.0127043124294877,"*",1170,"05_modelling/05_gam/models/m_li_inclusion.rds","factor_pp_per_level.csv [platform=linkedin, model_source=full, feature=media_type:video, level=video]","article","F1 per-level pp at platform baseline 0.360; beta=0.6632, SE=0.2661"
"mention_count","li","inclusion","pp","-1.5",0.376717027859526,"n.s.",1170,"05_modelling/05_gam/models/m_li_inclusion.rds","summary(m_li_inclusion)$p.table[mention_count]",,"linear; beta=-0.0670, SE=0.0758, z=-0.88"
"punct_diversity","li","inclusion","pp","+2.1",0.213185795006996,"n.s.",1170,"05_modelling/05_gam/models/m_li_inclusion.rds","summary(m_li_inclusion)$s.table[s(punct_diversity)] + IQR partial(q25,q75)",,"smooth IQR (q75-q25); edf=1.95; chi-sq=3.89; monotonic over IQR (q25=-0.699, q75=0.405 of punct_diversity)"
"question_density","li","inclusion","pp","-0.3",0.788642937678858,"n.s.",1170,"05_modelling/05_gam/models/m_li_inclusion.rds","summary(m_li_inclusion)$s.table[s(question_density)] + IQR partial(q25,q75)",,"smooth IQR (q75-q25); edf=1.00; chi-sq=0.07; monotonic over IQR (q25=-0.451, q75=0.175 of question_density)"
"topic_cluster","li","inclusion","chi-sq","chi-sq(8.03) = 6.75",0.5673,"n.s.",1170,"05_modelling/05_gam/models/m_li_inclusion.rds","factor_omnibus_tests.csv [model=li_inclusion, feature=topic_cluster]","1","omnibus from factor_omnibus_tests.csv (anova.gam two-model deviance test)"
"topic_cluster:10","li","inclusion","pp","+22.1",0.490368888779663,"n.s.",1170,"05_modelling/05_gam/models/m_li_inclusion.rds","summary(m_li_inclusion)$p.table[topic_cluster10]","1","F1 per-level at platform baseline (0.360); beta=0.9009, SE=1.3062, z=0.69"
"topic_cluster:2","li","inclusion","pp","-6.9",0.352817667370814,"n.s.",1170,"05_modelling/05_gam/models/m_li_inclusion.rds","summary(m_li_inclusion)$p.table[topic_cluster2]","1","F1 per-level at platform baseline (0.360); beta=-0.3163, SE=0.3404, z=-0.93"
"topic_cluster:3","li","inclusion","pp","+28.5",0.390855302968022,"n.s.",1170,"05_modelling/05_gam/models/m_li_inclusion.rds","summary(m_li_inclusion)$p.table[topic_cluster3]","1","F1 per-level at platform baseline (0.360); beta=1.1707, SE=1.3643, z=0.86"
"topic_cluster:4","li","inclusion","pp","-6.5",0.534956797453701,"n.s.",1170,"05_modelling/05_gam/models/m_li_inclusion.rds","summary(m_li_inclusion)$p.table[topic_cluster4]","1","F1 per-level at platform baseline (0.360); beta=-0.2970, SE=0.4787, z=-0.62"
"topic_cluster:5","li","inclusion","pp","-1.9",0.857711760302089,"n.s.",1170,"05_modelling/05_gam/models/m_li_inclusion.rds","summary(m_li_inclusion)$p.table[topic_cluster5]","1","F1 per-level at platform baseline (0.360); beta=-0.0856, SE=0.4777, z=-0.18"
"topic_cluster:6","li","inclusion","pp",,,"n.s.",1170,"05_modelling/05_gam/models/m_li_inclusion.rds","summary(m_li_inclusion)$p.table[topic_cluster6] + cell-count check","1","cell separation in fitting frame (n_top=0, n_baseline=1 at level=6); per-level not estimable"
"topic_cluster:7","li","inclusion","pp","+13.0",0.287047391600128,"n.s.",1170,"05_modelling/05_gam/models/m_li_inclusion.rds","summary(m_li_inclusion)$p.table[topic_cluster7]","1","F1 per-level at platform baseline (0.360); beta=0.5346, SE=0.5021, z=1.06"
"topic_cluster:8","li","inclusion","pp","-0.9",0.902737694536859,"n.s.",1170,"05_modelling/05_gam/models/m_li_inclusion.rds","summary(m_li_inclusion)$p.table[topic_cluster8]","1","F1 per-level at platform baseline (0.360); beta=-0.0406, SE=0.3320, z=-0.12"
"topic_cluster:9","li","inclusion","pp","-9.3",0.156506989332836,"n.s.",1170,"05_modelling/05_gam/models/m_li_inclusion.rds","summary(m_li_inclusion)$p.table[topic_cluster9]","1","F1 per-level at platform baseline (0.360); beta=-0.4330, SE=0.3056, z=-1.42"
"topic_cluster:unknown","li","inclusion","pp",,,"n.s.",1170,"05_modelling/05_gam/models/m_li_inclusion.rds","summary(m_li_inclusion)$p.table[topic_clusterunknown] + cell-count check","1","coupled/rank-deficient separation in fitting frame (n_top=3, n_baseline=6 at level=unknown); per-level not estimable"
"url_count","li","inclusion","pp","+2.5",0.773193767650907,"n.s.",1170,"05_modelling/05_gam/models/m_li_inclusion.rds","summary(m_li_inclusion)$s.table[s(url_count)] + IQR partial(q25,q75)",,"smooth IQR (q75-q25); edf=2.04; chi-sq=1.12; monotonic over IQR (q25=-0.398, q75=0.83 of url_count)"
"weekday","li","inclusion","shape-only","cyclic; peak ~Mon / trough ~Wed; link-scale range 0.00",0.75837115573427,"n.s.",1170,"05_modelling/05_gam/models/m_li_inclusion.rds","summary(m_li_inclusion)$s.table[s(weekday)]",,"cyclic smooth (bs=cc); edf=0.01; chi-sq=0.00"
"word_count","li","inclusion","pp","-1.5",0.760171487087184,"n.s.",1170,"05_modelling/05_gam/models/m_li_inclusion.rds","summary(m_li_inclusion)$s.table[s(word_count)] + IQR partial(q25,q75)",,"smooth IQR (q75-q25); edf=1.01; chi-sq=0.10; monotonic over IQR (q25=-0.862, q75=0.61 of word_count)"
"account_type","li","rank","F","F(1) = 6.08",0.0140917002726235,"*",421,"05_modelling/05_gam/models/m_li_rank.rds","summary(m_li_rank)$pTerms.table[account_type]","fresh","omnibus Wald via pTerms.table (parametric factor)"
"avg_sentence_len","li","rank","positions","+0.27",0.577418220115189,"n.s.",421,"05_modelling/05_gam/models/m_li_rank.rds","summary(m_li_rank)$s.table[s(avg_sentence_len)] + IQR partial(q25,q75)",,"smooth IQR (q75-q25); edf=1.67; F=0.55; monotonic over IQR (q25=-0.556, q75=0.286 of avg_sentence_len)"
"caps_ratio","li","rank","positions","-0.34",0.542041109714643,"n.s.",421,"05_modelling/05_gam/models/m_li_rank.rds","summary(m_li_rank)$s.table[s(caps_ratio)] + IQR partial(q25,q75)",,"smooth IQR (q75-q25); edf=1.00; F=0.37; monotonic over IQR (q25=-0.733, q75=0.551 of caps_ratio)"
"caps_word_count","li","rank","positions","+0.89",0.217272148497989,"n.s.",421,"05_modelling/05_gam/models/m_li_rank.rds","summary(m_li_rank)$s.table[s(caps_word_count)] + IQR partial(q25,q75)",,"smooth IQR (q75-q25); edf=1.96; F=1.72; monotonic over IQR (q25=-0.598, q75=0.0472 of caps_word_count)"
"cta_flag","li","rank","positions","+0.49",0.561766304804435,"n.s.",421,"05_modelling/05_gam/models/m_li_rank.rds","summary(m_li_rank)$p.table[cta_flag]",,"binary; beta=0.4853, SE=0.8356, t=0.58"
"ellipsis_count","li","rank","shape-only","non-monotonic; peak at ellipsis_count=2.98, trough at ellipsis_count=-0.29; link-scale range 2.02",0.158853581399473,"n.s.",421,"05_modelling/05_gam/models/m_li_rank.rds","summary(m_li_rank)$s.table[s(ellipsis_count)] (q25==q75 in fitting frame; IQR delta degenerate)",,"predictor essentially constant over IQR (q25=q75=-0.288); shape evaluated over q10..q90 instead; edf=1.75; F=1.75"
"emoji_count","li","rank","positions","+0.01",0.949721545278859,"n.s.",421,"05_modelling/05_gam/models/m_li_rank.rds","summary(m_li_rank)$s.table[s(emoji_count)] + IQR partial(q25,q75)",,"smooth IQR (q75-q25); edf=1.00; F=0.00; monotonic over IQR (q25=-0.59, q75=0.0462 of emoji_count)"
"exclamation_density","li","rank","shape-only","non-monotonic; peak at exclamation_density=22.70, trough at exclamation_density=-0.22; link-scale range 8.83",0.151379798185976,"n.s.",421,"05_modelling/05_gam/models/m_li_rank.rds","summary(m_li_rank)$s.table[s(exclamation_density)] (q25==q75 in fitting frame; IQR delta degenerate)",,"predictor essentially constant over IQR (q25=q75=-0.221); shape evaluated over q10..q90 instead; edf=1.00; F=2.07"
"flesch_available","li","rank","positions","+0.74",0.899161305890969,"n.s.",421,"05_modelling/05_gam/models/m_li_rank.rds","summary(m_li_rank)$p.table[flesch_available]",,"binary; beta=0.7400, SE=5.8355, t=0.13"
"flesch_reading_ease","li","rank","positions","-0.32",0.429234817816009,"n.s.",421,"05_modelling/05_gam/models/m_li_rank.rds","summary(m_li_rank)$s.table[s(flesch_reading_ease)] + IQR partial(q25,q75)",,"smooth IQR (q75-q25); edf=2.43; F=0.94; monotonic over IQR (q25=-0.553, q75=0.711 of flesch_reading_ease)"
"follower_available","li","rank","positions","-0.74",0.45276264679486,"n.s.",421,"05_modelling/05_gam/models/m_li_rank.rds","summary(m_li_rank)$p.table[follower_available]",,"binary; beta=-0.7361, SE=0.9794, t=-0.75"
"hashtag_count","li","rank","positions","-0.05",0.890232009386438,"n.s.",421,"05_modelling/05_gam/models/m_li_rank.rds","summary(m_li_rank)$s.table[s(hashtag_count)] + IQR partial(q25,q75)",,"smooth IQR (q75-q25); edf=1.00; F=0.02; monotonic over IQR (q25=-0.641, q75=0.465 of hashtag_count)"
"is_weekend","li","rank","positions","-0.86",0.323246529749373,"n.s.",421,"05_modelling/05_gam/models/m_li_rank.rds","summary(m_li_rank)$p.table[is_weekend]",,"binary; beta=-0.8556, SE=0.8651, t=-0.99"
"lang","li","rank","F","F(3) = 0.11",0.955117259921685,"n.s.",421,"05_modelling/05_gam/models/m_li_rank.rds","summary(m_li_rank)$pTerms.table[lang]","de","omnibus Wald via pTerms.table (parametric factor)"
"line_break_count","li","rank","positions","-0.04",0.930158967731473,"n.s.",421,"05_modelling/05_gam/models/m_li_rank.rds","summary(m_li_rank)$s.table[s(line_break_count)] + IQR partial(q25,q75)",,"smooth IQR (q75-q25); edf=1.00; F=0.01; monotonic over IQR (q25=-0.799, q75=0.171 of line_break_count)"
"local_hour","li","rank","shape-only","cyclic; peak ~23h / trough ~12h; link-scale range 0.76",0.166719387469237,"n.s.",421,"05_modelling/05_gam/models/m_li_rank.rds","summary(m_li_rank)$s.table[s(local_hour)]",,"cyclic smooth (bs=cc); edf=1.00; F=0.29"
"log_follower","li","rank","shape-only","non-monotonic; peak at log_follower=-2.34, trough at log_follower=1.65; link-scale range 3.53",0.157315463119482,"n.s.",421,"05_modelling/05_gam/models/m_li_rank.rds","summary(m_li_rank)$s.table[s(log_follower)] (q25==q75 in fitting frame; IQR delta degenerate)",,"predictor essentially constant over IQR (q25=q75=0.128); shape evaluated over q10..q90 instead; edf=2.26; F=1.66"
"log_post_age","li","rank","positions","+0.59",0.384165658618732,"n.s.",421,"05_modelling/05_gam/models/m_li_rank.rds","summary(m_li_rank)$s.table[s(log_post_age)] + IQR partial(q25,q75)",,"smooth IQR (q75-q25); edf=1.00; F=0.76; monotonic over IQR (q25=-1.19, q75=0.765 of log_post_age)"
"media_type","li","rank","F","F(5) = 4.98",0.000196501423014327,"***",421,"05_modelling/05_gam/models/m_li_rank.rds","summary(m_li_rank)$pTerms.table[media_type]","article","omnibus Wald via pTerms.table (parametric factor)"
"media_type:carousel","li","rank","positions","+1.32",0.410581922176795,"n.s.",421,"05_modelling/05_gam/models/m_li_rank.rds","summary(m_li_rank)$p.table[media_typecarousel]","article","F1 per-level at platform baseline (0.360); beta=1.3154, SE=1.5967, t=0.82"
"media_type:document","li","rank","positions","-0.89",0.552451236739053,"n.s.",421,"05_modelling/05_gam/models/m_li_rank.rds","summary(m_li_rank)$p.table[media_typedocument]","article","F1 per-level at platform baseline (0.360); beta=-0.8886, SE=1.4944, t=-0.59"
"media_type:image","li","rank","positions","-1.57",0.159383122675087,"n.s.",421,"05_modelling/05_gam/models/m_li_rank.rds","summary(m_li_rank)$p.table[media_typeimage]","article","F1 per-level at platform baseline (0.360); beta=-1.5664, SE=1.1110, t=-1.41"
"media_type:text","li","rank","positions","-1.93",0.163589777363679,"n.s.",421,"05_modelling/05_gam/models/m_li_rank.rds","summary(m_li_rank)$p.table[media_typetext]","article","F1 per-level at platform baseline (0.360); beta=-1.9285, SE=1.3816, t=-1.40"
"media_type:video","li","rank","positions","-3.69",0.000995111134243896,"***",421,"05_modelling/05_gam/models/m_li_rank.rds","summary(m_li_rank)$p.table[media_typevideo]","article","F1 per-level at platform baseline (0.360); beta=-3.6904, SE=1.1122, t=-3.32"
"mention_count","li","rank","positions","-0.02",0.958862099355905,"n.s.",421,"05_modelling/05_gam/models/m_li_rank.rds","summary(m_li_rank)$p.table[mention_count]",,"linear; beta=-0.0214, SE=0.4138, t=-0.05"
"punct_diversity","li","rank","positions","+0.93",0.0972673117599582,"n.s.",421,"05_modelling/05_gam/models/m_li_rank.rds","summary(m_li_rank)$s.table[s(punct_diversity)] + IQR partial(q25,q75)",,"smooth IQR (q75-q25); edf=1.00; F=2.76; monotonic over IQR (q25=-0.618, q75=0.521 of punct_diversity)"
"question_density","li","rank","positions","-0.43",0.0248461363753182,"*",421,"05_modelling/05_gam/models/m_li_rank.rds","summary(m_li_rank)$s.table[s(question_density)] + IQR partial(q25,q75)",,"smooth IQR (q75-q25); edf=1.00; F=5.07; monotonic over IQR (q25=-0.451, q75=0.199 of question_density)"
"topic_cluster","li","rank","F","F(9) = 1.85",0.0580665343791117,"n.s.",421,"05_modelling/05_gam/models/m_li_rank.rds","summary(m_li_rank)$pTerms.table[topic_cluster]","1","omnibus Wald via pTerms.table (parametric factor)"
"topic_cluster:10","li","rank","positions","-2.63",0.49526280739832,"n.s.",421,"05_modelling/05_gam/models/m_li_rank.rds","summary(m_li_rank)$p.table[topic_cluster10]","1","F1 per-level at platform baseline (0.360); beta=-2.6295, SE=3.8520, t=-0.68"
"topic_cluster:2","li","rank","positions","+2.83",0.0486636034204389,"*",421,"05_modelling/05_gam/models/m_li_rank.rds","summary(m_li_rank)$p.table[topic_cluster2]","1","F1 per-level at platform baseline (0.360); beta=2.8349, SE=1.4333, t=1.98"
"topic_cluster:3","li","rank","positions","-10.40",0.0162153731016048,"*",421,"05_modelling/05_gam/models/m_li_rank.rds","summary(m_li_rank)$p.table[topic_cluster3]","1","F1 per-level at platform baseline (0.360); beta=-10.3995, SE=4.3064, t=-2.41"
"topic_cluster:4","li","rank","positions","-1.02",0.612736287074631,"n.s.",421,"05_modelling/05_gam/models/m_li_rank.rds","summary(m_li_rank)$p.table[topic_cluster4]","1","F1 per-level at platform baseline (0.360); beta=-1.0154, SE=2.0043, t=-0.51"
"topic_cluster:5","li","rank","positions","+0.18",0.922545284798521,"n.s.",421,"05_modelling/05_gam/models/m_li_rank.rds","summary(m_li_rank)$p.table[topic_cluster5]","1","F1 per-level at platform baseline (0.360); beta=0.1779, SE=1.8285, t=0.10"
"topic_cluster:7","li","rank","positions","-1.03",0.58761045470733,"n.s.",421,"05_modelling/05_gam/models/m_li_rank.rds","summary(m_li_rank)$p.table[topic_cluster7]","1","F1 per-level at platform baseline (0.360); beta=-1.0269, SE=1.8920, t=-0.54"
"topic_cluster:8","li","rank","positions","-0.89",0.493717707786371,"n.s.",421,"05_modelling/05_gam/models/m_li_rank.rds","summary(m_li_rank)$p.table[topic_cluster8]","1","F1 per-level at platform baseline (0.360); beta=-0.8911, SE=1.3007, t=-0.69"
"topic_cluster:9","li","rank","positions","+1.46",0.261450597616874,"n.s.",421,"05_modelling/05_gam/models/m_li_rank.rds","summary(m_li_rank)$p.table[topic_cluster9]","1","F1 per-level at platform baseline (0.360); beta=1.4606, SE=1.2987, t=1.12"
"topic_cluster:unknown","li","rank","positions","+9.44",0.196787983828955,"n.s.",421,"05_modelling/05_gam/models/m_li_rank.rds","summary(m_li_rank)$p.table[topic_clusterunknown]","1","F1 per-level at platform baseline (0.360); beta=9.4447, SE=7.3042, t=1.29"
"url_count","li","rank","positions","-0.27",0.551199726894116,"n.s.",421,"05_modelling/05_gam/models/m_li_rank.rds","summary(m_li_rank)$p.table[url_count]",,"linear; beta=-0.2734, SE=0.4584, t=-0.60"
"weekday","li","rank","shape-only","cyclic; peak ~Thu / trough ~Mon; link-scale range 0.00",0.6081846372302,"n.s.",421,"05_modelling/05_gam/models/m_li_rank.rds","summary(m_li_rank)$s.table[s(weekday)]",,"cyclic smooth (bs=cc); edf=0.00; F=0.00"
"word_count","li","rank","positions","-1.37",0.0712583622599807,"n.s.",421,"05_modelling/05_gam/models/m_li_rank.rds","summary(m_li_rank)$s.table[s(word_count)] + IQR partial(q25,q75)",,"smooth IQR (q75-q25); edf=1.00; F=3.27; monotonic over IQR (q25=-0.924, q75=0.433 of word_count)"
"account_type","li","velocity_t24","F","F(1) = 1.22",0.2707591073356,"n.s.",507,"05_modelling/05_gam/models/m_li_velocity_24h.rds","summary(m_li_velocity_24h)$pTerms.table[account_type]","fresh","omnibus Wald via pTerms.table (parametric factor)"
"cta_flag","li","velocity_t24","percent","+3.0",0.425243564422868,"n.s.",507,"05_modelling/05_gam/models/m_li_velocity_24h.rds","summary(m_li_velocity_24h)$p.table[cta_flag]",,"binary; beta=0.0293, SE=0.0367, t=0.80"
"emoji_count","li","velocity_t24","percent","-0.7",0.0194821063817782,"*",507,"05_modelling/05_gam/models/m_li_velocity_24h.rds","summary(m_li_velocity_24h)$s.table[s(emoji_count)] + IQR partial(q25,q75)",,"smooth IQR (q75-q25); edf=2.55; F=3.40; monotonic over IQR (q25=-0.59, q75=0.364 of emoji_count)"
"flesch_reading_ease","li","velocity_t24","percent","+0.6",0.699427443475886,"n.s.",507,"05_modelling/05_gam/models/m_li_velocity_24h.rds","summary(m_li_velocity_24h)$s.table[s(flesch_reading_ease)] + IQR partial(q25,q75)",,"smooth IQR (q75-q25); edf=1.00; F=0.15; monotonic over IQR (q25=-0.742, q75=0.542 of flesch_reading_ease)"
"hashtag_count","li","velocity_t24","percent","+0.5",0.684609824320197,"n.s.",507,"05_modelling/05_gam/models/m_li_velocity_24h.rds","summary(m_li_velocity_24h)$s.table[s(hashtag_count)] + IQR partial(q25,q75)",,"smooth IQR (q75-q25); edf=1.40; F=0.44; monotonic over IQR (q25=-0.641, q75=0.465 of hashtag_count)"
"is_weekend","li","velocity_t24","percent","+15.5",5.2750324289073e-06,"***",507,"05_modelling/05_gam/models/m_li_velocity_24h.rds","summary(m_li_velocity_24h)$p.table[is_weekend]",,"binary; beta=0.1440, SE=0.0313, t=4.61"
"local_hour","li","velocity_t24","shape-only","cyclic; peak ~2h / trough ~14h; link-scale range 0.02",0.179388426632637,"n.s.",507,"05_modelling/05_gam/models/m_li_velocity_24h.rds","summary(m_li_velocity_24h)$s.table[s(local_hour)]",,"cyclic smooth (bs=cc); edf=0.53; F=0.22"
"log_follower","li","velocity_t24","shape-only","non-monotonic; peak at log_follower=1.65, trough at log_follower=-4.34; link-scale range 0.55",0,"***",507,"05_modelling/05_gam/models/m_li_velocity_24h.rds","summary(m_li_velocity_24h)$s.table[s(log_follower)] (q25==q75 in fitting frame; IQR delta degenerate)",,"predictor essentially constant over IQR (q25=q75=0.128); shape evaluated over q10..q90 instead; edf=2.14; F=16.66"
"log_post_age","li","velocity_t24","percent","-23.3",0,"***",507,"05_modelling/05_gam/models/m_li_velocity_24h.rds","summary(m_li_velocity_24h)$s.table[s(log_post_age)] + IQR partial(q25,q75)",,"smooth IQR (q75-q25); edf=3.86; F=205.33; monotonic over IQR (q25=-0.565, q75=1 of log_post_age)"
"media_type","li","velocity_t24","F","F(5) = 0.18",0.97044020687335,"n.s.",507,"05_modelling/05_gam/models/m_li_velocity_24h.rds","summary(m_li_velocity_24h)$pTerms.table[media_type]","article","omnibus Wald via pTerms.table (parametric factor)"
"media_type:carousel","li","velocity_t24","percent","+2.1",0.750358662573673,"n.s.",507,"05_modelling/05_gam/models/m_li_velocity_24h.rds","summary(m_li_velocity_24h)$p.table[media_typecarousel]","article","F1 per-level at platform baseline (0.360); beta=0.0207, SE=0.0650, t=0.32"
"media_type:document","li","velocity_t24","percent","-0.8",0.901573077133456,"n.s.",507,"05_modelling/05_gam/models/m_li_velocity_24h.rds","summary(m_li_velocity_24h)$p.table[media_typedocument]","article","F1 per-level at platform baseline (0.360); beta=-0.0080, SE=0.0647, t=-0.12"
"media_type:image","li","velocity_t24","percent","+2.0",0.682532535432539,"n.s.",507,"05_modelling/05_gam/models/m_li_velocity_24h.rds","summary(m_li_velocity_24h)$p.table[media_typeimage]","article","F1 per-level at platform baseline (0.360); beta=0.0201, SE=0.0491, t=0.41"
"media_type:text","li","velocity_t24","percent","+3.8",0.537826072359899,"n.s.",507,"05_modelling/05_gam/models/m_li_velocity_24h.rds","summary(m_li_velocity_24h)$p.table[media_typetext]","article","F1 per-level at platform baseline (0.360); beta=0.0378, SE=0.0613, t=0.62"
"media_type:video","li","velocity_t24","percent","+3.1",0.549124288977561,"n.s.",507,"05_modelling/05_gam/models/m_li_velocity_24h.rds","summary(m_li_velocity_24h)$p.table[media_typevideo]","article","F1 per-level at platform baseline (0.360); beta=0.0301, SE=0.0503, t=0.60"
"weekday","li","velocity_t24","shape-only","cyclic; peak ~Mon / trough ~Thu; link-scale range 0.00",0.470372907319851,"n.s.",507,"05_modelling/05_gam/models/m_li_velocity_24h.rds","summary(m_li_velocity_24h)$s.table[s(weekday)]",,"cyclic smooth (bs=cc); edf=0.00; F=0.00"
"word_count","li","velocity_t24","percent","+1.5",0.68349601156519,"n.s.",507,"05_modelling/05_gam/models/m_li_velocity_24h.rds","summary(m_li_velocity_24h)$s.table[s(word_count)] + IQR partial(q25,q75)",,"smooth IQR (q75-q25); edf=1.40; F=0.23; monotonic over IQR (q25=-0.701, q75=0.76 of word_count)"
